Workbook

Sheet 시작점
A1: 상태 | B1: 연구 기준 2026년 10월 9일 V5 (V4를 시작점으로 보존한 발표용 최종본)
A2: 확정 | B2: Arias Table 5의 22개 BCMS 프로세스 유형을 객체 범위로 사용한다.
A3: 확정 | B3: 이전 반영·확인·갱신 세 관점을 측정 틀로 사용하지 않는다.
A4: 검토안 | B4: 6개 개념은 후보이다. 연결 품질 4·관리조건 1·개선 경로 1로 역할을 구분하며 요인 수는 미확정이다.
A5: 관계 기록 | B5: =COUNTA(관계근거31!A2:A32) -> 31
A6: 운영 후보 | B6: =COUNTIF(관계근거31!G2:G32,"운영 후보") -> 24
A7: 위계 표시 | B7: =COUNTIF(관계근거31!G2:G32,"위계 표시") -> 2
A8: 집단 진술 | B8: =COUNTIF(관계근거31!G2:G32,"집단 진술") -> 2
A9: 근거 보류 | B9: =COUNTIF(관계근거31!G2:G32,"근거 보류") -> 3
A10: 문항 기록 | B10: =COUNTA(예비문항179!A2:A180) -> 179
A11: 문항 선별 | B11: 179개는 검토 은행. 연결 품질 후보 96·관리조건 후보 24·경로 후보 8·구조/근거 보류 35·종합 7·검토/준거 9.
A12: 측정 정의 후보 | B12: 조직의 BCMS에서 문헌으로 정의한 운영 연결의 산출물·기준이 후속 업무에 모순 없이 대응하고, 근거와 수행 사실을 찾을 수 있으며, 변경 정보가 필요한 시점에 전달·처리되는 정도.
A13: 점수 | B13: 차원 평균·동일가중 지수·형성적 또는 반영적 모형을 아직 확정하지 않는다.
A14: 범위 | B14: 운영 후보에 18개 유형이 등장한다. POL·AWR·WARN·REC의 운영 연결 공백을 보강하거나 제한으로 명시한다.
A15: 다음 Gate 2 | B15: 관계별 전달 산출물·사용 목적·필수성·품질 개념 적합성을 검토한다. 그 후 전문가 문항 심사와 인지면접으로 축소한다.
A16: 읽는 순서 | B16: 시작점 → 이야기하기 → 관계MAP(또는 관계MAP이미지) → 관계근거31 → 예비문항179. 인용지도·참고문헌·나머지 시트는 근거와 수정 이력을 확인할 때 사용.
A17: V5 변경 범위 | B17: V4의 연구 내용(분류·문항·정의·Gate)은 변경하지 않았다. V5는 발표 순서(이야기하기), 개념별 인용 위치(인용지도), 참고문헌과 확인 수준, 22×22 MAP 이미지를 추가했다.
A18: 인용 확인 수준 | B18: ① 이 세션의 PDF 문자열 대조(Arias·Białas 72개) ② 연구자 확인(V4 기록 — 이 세션에서 재확인하지 못함) ③ 연구자 해석·정의. 시트 참고문헌 참조.

Sheet 이야기하기
A1: 장 | B1: 이야기 | C1: 발표 슬라이드 | D1: 핵심 메시지 | E1: 근거 시트 | F1: 대표 인용·출처
A2: 0 | B2: 이야기의 지도 | C2: 1–2 | D2: BCMS 연계성을 '22개 프로세스 → 연결 관계 → 연결품질 후보 → 문항 → 검증' 순서로 이야기한다. | E2: 시작점 | F2: Arias-Aranda 외(2026) Table 5·§4.3
A3: 1 | B3: 왜 '연결'인가 | C3: 3–5 | D3: 프로세스는 상호 연결·상호작용하는 활동이므로(A01·A02) 프로세스 사이의 연결 상태를 따로 묻는다. 세 자료의 역할과 한계를 먼저 밝힌다. | E3: 인용원문72 · 외부학술근거 | F3: A01 p.4 · A02 p.5; Białas §2; Noy & McGuinness(2001)
A4: 2 | B4: 22개 객체 | C4: 6 | D4: Arias Table 5의 22개 프로세스 유형이 객체 범위이다. 22개 유형과 실제 조직의 프로세스 인스턴스는 구별한다. | E4: 객체22 | F4: Arias-Aranda 외(2026) Table 5, PDF p.14
A5: 3 | B5: 연결 찾기 | C5: 7–11 | D5: 원문 인용 → 연구자 정규화 → 관계 기록 순으로 31개를 만들고, 운영 후보 24 · 위계 2 · 집단 2 · 보류 3으로 구분한다. 등급 E1/E2/E3는 문헌 직접성이다. | E5: 관계MAP · 관계근거31 · 인용원문72 | F5: Arias §4.3 pp.14–16 (A11–A31); 관계 재분류 R09·R10
A6: 4 | B6: 무엇을 묻는가 | C6: 12–16 | D6: 연결품질 후보 4(CO·TR·EV·TM), 관리조건 후보 1(AC), 경로 후보 1(FC). 요인 수는 미확정이며 개념마다 근거 위치와 전이 한계를 표시한다. | E6: 품질개념6 · 외부학술근거 | F6: S01 §5.1 · S03 App. D1 · S04 pp.214–215 · S06·S07(초록) · B17
A7: 5 | B7: 문항과 응답 설계 | C7: 17–20 | D7: 관계와 개념이 모두 맞는 곳에서만 문항을 만든다. 179개는 검토 은행이며 응답은 DK/NA/NC/NO를 구분하고 점수는 아직 내지 않는다. | E7: 예비문항179 · 온톨로지규칙 · 응답설계 | F7: Białas §2 pp.2–3; S10 pp.302–303; S13 Table 1; S14 초록
A8: 6 | B8: 검증과 한계 | C8: 21–25 | D8: Gate 1–8의 검증 순서, 연구방법 서술안, 연구자가 해결할 열린 과제를 밝힌다. | E8: 검증계획 · 보류및누락 · 수정이력 | F8: S10 · S13 · S14; ORAS 근거 미확정
A9: 7 | B9: 참고문헌과 부록 | C9: 26–31 | D9: 인용 확인 수준을 3단계로 구분하여 표시하고 전체 참고문헌과 관계 31개 표를 제시한다. | E9: 참고문헌 · 인용지도 · 관계근거31 | F9: 전체

Sheet 관계MAP
A1: 22개 프로세스 관계 MAP Y 출발 유형 X 도착 유형
A2: 파랑 E1 직접 / 주황 E2 정규화 / 초록 H 위계 / 회색 ? 근거 보류. 빈 셀은 미등록이며 관계 부재의 증거가 아니다.
A4: Y / X | B4: GOV | C4: POL | D4: REQ | E4: BIA | F4: RA | G4: STR | H4: PLAN | I4: IMP | J4: INC | K4: EXE | L4: AWR | M4: SUP | N4: AUD | O4: PERF | P4: CI | Q4: CHG | R4: WARN | S4: REC | T4: DOC | U4: RES | V4: COM | W4: CRM
A5: GOV | B5: — | C5: L29 ?
A6: POL | C6: —
A7: REQ | D7: — | E7: L01 | F7: L02 | M7: L05 | N7: L04
A8: BIA | E8: — | F8: L03 | G8: L06 | U8: L11 ?
A9: RA | F9: — | H9: L09
A10: STR | G10: — | H10: L08 | I10: L07
A11: PLAN | H11: — | J11: L12 | K11: L15 | L11: L17 ?
A12: IMP | I12: —
A13: INC | J13: — | Q13: L23 | R13: L13 H | S13: L14 H
A14: EXE | H14: L16 | K14: — | Q14: L24
A15: AWR | L15: —
A16: SUP | M16: — | P16: L20
A17: AUD | N17: — | P17: L19
A18: PERF | O18: — | P18: L18
A19: CI | P19: —
A20: CHG | F20: L21 | J20: L25 | K20: L26 | Q20: — | T20: L22
A21: WARN | R21: —
A22: REC | S22: —
A23: DOC | T23: —
A24: RES | I24: L10 | U24: — | W24: L31
A25: COM | B25: L28 | V25: —
A26: CRM | W26: —
A28: L27: 거의 모든 BCMS 결과를 COM에서 소통한다는 집단 진술. L30: 핵심 프로세스에 자원을 공급한다는 집단 진술. CORE는 객체로 추가하지 않음.
A29: Z: 운영 후보 셀의 ID로 관계근거31과 예비문항179를 조회. 책임명확성은 관리조건, 개선조치 완결성은 경로 후보로 별도 검토.
A30: 객체 원명은 객체22. MAP은 현 등록 관계의 스냅샷이며 관계 범위를 변경하면 다시 생성한다. 출처: Arias §4.3 pp.14–16.

Sheet 관계MAP이미지

Sheet 관계근거31
A1: 관계ID | B1: 출발 | C1: 도착 | D1: 관계 의미 | E1: V3 등급 | F1: V4 등급 | G1: 분류 | H1: 인용ID | I1: 원문 요지 | J1: 연구자 정규화 | K1: 수정·주의 | L1: 전문가 판단 | M1: 검토 의견
A2: L01 | B2: REQ | C2: BIA | D2: 입력된다·활용된다 | E2: E1 | F2: E1 | G2: 운영 후보 | H2: A11 | I2: 요구사항관리가 식별한 법규·규제·계약 요구사항이 BIA·중요도 분석 프로세스에 "정보를 제공(inform)"한다. | J2: "inform"을 "S의 산출물이 T의 입력·기준이 된다(informs)"로 해석. A11은 4개 프로세스를 한 문장으로 열거하므로 L01·L02·L04·L05는 이 문장에서 연구자가 분리한 연결. | K2: 원문의 관계 의미를 산출물과 사용 목적까지 구체화한 뒤 전문가에게 적절성을 평가받는다. | L2: 미검토
A3: L02 | B3: REQ | C3: RA | D3: 입력된다·활용된다 | E3: E1 | F3: E1 | G3: 운영 후보 | H3: A11 | I3: 요구사항관리의 결과가 리스크평가 프로세스에 정보를 제공한다. | J3: 인용문 분리 사유는 L01과 동일. | K3: 원문의 관계 의미를 산출물과 사용 목적까지 구체화한 뒤 전문가에게 적절성을 평가받는다. | L3: 미검토
A4: L03 | B4: BIA | C4: RA | D4: 근거가 된다 | E4: E1 | F4: E1 | G4: 운영 후보 | H4: A12 | I4: 리스크평가는 BIA·중요도 분석의 결과를 기반(foundation)으로 삼는다. BIA의 최종 결과는 근거가 첨부된 문서화된 진술(업무연속성 요구사항)이다. | J4: "relies on ... as its foundation"을 informs(입력·기준)로 해석. | K4: 원문의 관계 의미를 산출물과 사용 목적까지 구체화한 뒤 전문가에게 적절성을 평가받는다. | L4: 미검토
A5: L04 | B5: REQ | C5: AUD | D5: 입력된다·활용된다 | E5: E1 | F5: E1 | G5: 운영 후보 | H5: A11 | I5: 요구사항관리의 결과가 내부감사 프로세스에 정보를 제공한다. | J5: 인용문 분리 사유는 L01과 동일. 내부감사 기준에 요구사항이 포함된다는 구체적 형태는 연구자의 지표화. | K5: 원문의 관계 의미를 산출물과 사용 목적까지 구체화한 뒤 전문가에게 적절성을 평가받는다. | L5: 미검토
A6: L05 | B6: REQ | C6: SUP | D6: 입력된다·활용된다 | E6: E1 | F6: E1 | G6: 운영 후보 | H6: A11 | I6: 요구사항관리의 결과가 공급망관리 프로세스에 정보를 제공한다. 외주 서비스는 업무연속성 관점에서 평가·분석·통제되어야 한다. | J6: 인용문 분리 사유는 L01과 동일. "공급업체 선정·계약 조건에 BC 요구사항 포함"은 A39(외주 서비스 통제)를 바탕으로 한 연구자의 지표화. | K6: 원문의 관계 의미를 산출물과 사용 목적까지 구체화한 뒤 전문가에게 적절성을 평가받는다. | L6: 미검토
A7: L06 | B7: BIA | C7: STR | D7: 근거가 된다 | E7: E1 | F7: E1 | G7: 운영 후보 | H7: A14 | I7: BIA·중요도 분석이 완료된 후, 승인된 업무연속성 요구사항이 BC 전략·솔루션의 결정·선정을 안내(guide)한다. BIA 결과는 경영진 승인을 거친다. | J7: "guide"를 informs(입력·기준)로 해석. | K7: 승인된 업무연속성 요구사항은 BIA 산출물이며 REQ의 법규·계약 요구사항과 구별한다. | L7: 미검토
A8: L07 | B8: STR | C8: IMP | D8: 도출·이행된다 | E8: E1 | F8: E1 | G8: 운영 후보 | H8: A15 | I8: 솔루션 이행관리 프로세스는 BC 전략·솔루션과 필요한 변경이 계획대로 실행되도록 보장하며, 이를 개시하고 검증한다. | J8: 인용문의 주어는 이행관리이고 대상은 전략·솔루션이므로 "STR이 IMP에서 구체화·실행된다"(STR→IMP)로 방향을 해석. A36은 이행관리가 전략·솔루션을 "verifying"한다고 서술하며, 이는 정합성·증빙성 문항에서 "확인하는 행위"를 구체화할 때 참고했다. | K8: 원문의 관계 의미를 산출물과 사용 목적까지 구체화한 뒤 전문가에게 적절성을 평가받는다. | L8: 미검토
A9: L08 | B9: STR | C9: PLAN | D9: 도출·이행된다 | E9: E1 | F9: E1 | G9: 운영 후보 | H9: A16 | I9: BC 계획·절차는 식별된 BC 전략·솔루션에서 도출(derived)되어 개발된다. | J9: "derived from"을 elaboratedInto(S의 내용이 T로 구체화됨)로 해석. | K9: 원문의 관계 의미를 산출물과 사용 목적까지 구체화한 뒤 전문가에게 적절성을 평가받는다. | L9: 미검토
A10: L09 | B10: RA | C10: PLAN | D10: 입력된다·활용된다 | E10: E1 | F10: E1 | G10: 운영 후보 | H10: A17 | I10: 리스크평가는 업무연속성 계획·절차 개발에 필수적인 입력(essential input)을 제공한다. | J10: A17의 주어 "it"이 리스크평가 프로세스임은 앞 문장의 주어에서 연구자가 확인한 지시 관계. | K10: 원문의 관계 의미를 산출물과 사용 목적까지 구체화한 뒤 전문가에게 적절성을 평가받는다. | L10: 미검토
A11: L10 | B11: RES | C11: IMP | D11: 제공한다 | E11: E2 | F11: E2 | G11: 운영 후보 | H11: A18 | I11: 자원관리의 산출물에는 선정된 전략의 이행·운영을 위한 문서화된 자원이 포함된다. 전략 실행에 필요한 자원은 자원관리에서 식별·배정·모니터링된다. | J11: [연구자 보완] 인용문은 "selected strategies의 implementing and running"을 위한 자원이라고만 쓰며 도착 프로세스를 특정하지 않는다. 이를 솔루션 이행관리(IMP)로 특정한 것은 연구자 해석(운영(running)은 IMP 외 프로세스일 수도 있음). | K11: 원문은 선택된 전략의 구현 자원을 말한다. 도착을 IMP 프로세스로 특정하는 것은 연구자 해석이다. | L11: 미검토
A12: L11 | B12: BIA | C12: RES | D12: 입력된다·활용된다 | E12: E3 | F12: E3 | G12: 근거 보류 | H12: (없음) | I12: Białas는 BIA 보고서를 "서비스 재개에 필요한 자원"으로 질의하는 예를 보여 준다. Arias는 자원관리가 전략·BCMS 프로세스 실행에 필요한 자원을 식별한다고만 서술한다. | J12: [연구자 가정] BIA가 파악한 복구 필요 자원이 자원관리 계획에 투입된다는 연결은 Arias에 서술이 없다. Białas의 예는 프로세스 간 연결이 아니라 BIA 보고서 내부 속성(자원 항목)을 질의하는 수준이므로 유추 근거에 그친다. | K12: Białas의 BIA 보고서와 자원 정보 질의는 BIA→RES라는 프로세스 흐름의 직접 근거가 아니다. | L12: 미검토
A13: L12 | B13: PLAN | C13: INC | D13: 도출·이행된다 | E13: E2 | F13: E2 | G13: 운영 후보 | H13: A19 | I13: BC 전략·솔루션의 가동은 중단 사건에 대응하여 BC 계획·절차의 실행을 통해 개시된다. 경보·커뮤니케이션은 조직의 BC 계획·절차 안에서 대응을 조정한다. | J13: [연구자 보완] 인용문은 "BC 계획·절차가 중단 사건 대응 시 실행된다"고 쓰지만 도착 프로세스를 "사고·비상 대응"으로 명시하지 않는다. 사고·비상 대응이 "중단 사건 관리의 포괄적 접근"을 정의한다는 같은 쪽 서술과 결합해 PLAN→INC로 해석. | K13: 원문은 계획의 실행과 대응을 설명한다. 도착 프로세스와 사용 산출물의 특정은 연구자 해석이다. | L13: 미검토
... A32: L31 | B32: RES | C32: CRM | D32: 자원 사용 보고 제공 | E32: E1 | F32: E2 | G32: 운영 후보 | H32: A18 | I32: 자원관리의 산출물에는 고객관계관리 프로세스에 대한 자원 사용 보고가 포함된다. 고객관계관리는 고객 만족의 운영적 관리와 BC 투자 가치의 지속적 입증을 수행한다. | J32: 고객관계관리를 "고객 만족·BC 투자 가치 입증"으로 부르는 것은 CRM의 기능을 서술한 A32를 바탕으로 한 연구자의 지표화이며, 인용문이 "자원 보고가 가치 입증에 쓰인다"고 직접 말하는 것은 아니다. | K32: CRM에 대한 자원 사용 보고를 말한다. 자원 자체의 공급과 보고 공급을 구별한다. | L32: 미검토

Sheet 예비문항179
A1: 문항ID | B1: 관계ID | C1: 코드 | D1: 측정 개념 | E1: 역할·검토 상태 | F1: V4 문항 후보 | G1: V3 원문항 | H1: 연결 등급 | I1: 연결 출처 | J1: 개념 근거 | K1: 수정·보류 사유 | L1: 전문가1 | M1: 전문가2 | N1: 전문가3 | O1: 전문가4 | P1: 전문가5 | Q1: 전문가6 | R1: I-CVI | S1: 검토 진행 | T1: 최종 결정 | U1: 수정 의견
A2: L01-CO | B2: L01 | C2: CO | D2: 정합성 | E2: 연결 품질 후보 | F2: 우리 조직에서는 요구사항 목록이 BIA의 우선순위·복구목표 설정에 입력될 때, 두 내용 중 서로 대응해야 하는 기준·수치·전제에 모순이 없다. | G2: 우리 조직에서는 요구사항 목록이 BIA의 우선순위·복구목표 설정에 입력될 때, 두 내용이 서로 모순 없이 일치한다. | H2: E1 | I2: A11 | J2: A12·A14·A16; S06 | K2: 서로 다른 프로세스 산출물의 내용 전체가 동일해야 한다는 오해를 줄임. | R2: =IF(COUNT(L2:Q2)=6,COUNTIF(L2:Q2,">=3")/6,"") | S2: =IF(COUNT(L2:Q2)=6,"6인 평가 완료","평가 미완료") -> 평가 미완료 | T2: 미검토
A3: L01-TR | B3: L01 | C3: TR | D3: 근거 추적가능성 | E3: 연결 품질 후보 | F3: 우리 조직에서는 BIA의 우선순위·복구목표 설정에서 근거가 된 요구사항 목록을 식별자나 문서 위치를 통해 찾아갈 수 있다. | G3: 우리 조직에서는 BIA의 우선순위·복구목표 설정에서 근거가 된 요구사항 목록을 거슬러 찾아 확인할 수 있다. | H3: E1 | I3: A11 | J3: S01 §5.1 PDF p.4 저널 pp.94–101 | K3: 후방 근거 추적 문항. 전방 추적은 측정 범위에 포함됐다고 주장하지 않음. | R3: =IF(COUNT(L3:Q3)=6,COUNTIF(L3:Q3,">=3")/6,"") | S3: =IF(COUNT(L3:Q3)=6,"6인 평가 완료","평가 미완료") -> 평가 미완료 | T3: 미검토
A4: L01-EV | B4: L01 | C4: EV | D4: 연결 증빙가능성 | E4: 연결 품질 후보 | F4: 우리 조직에서는 요구사항 목록이 BIA의 우선순위·복구목표 설정에 입력될 때, 실제 사용 또는 평가 사실을 보여 주는 기록이 남아 있다. | G4: 우리 조직에서는 요구사항 목록이 BIA의 우선순위·복구목표 설정에 입력될 때, 그 사실을 입증하는 문서·기록·승인(검토 기록, 회의록, 버전 이력 등)이 남아 있다. | H4: E1 | I4: A11 | J4: B17 PDF p.5; A13·A37 | K4: 문서 보유가 아니라 연결의 실제 수행 사실을 증명하는 기록을 묻도록 수정. | R4: =IF(COUNT(L4:Q4)=6,COUNTIF(L4:Q4,">=3")/6,"") | S4: =IF(COUNT(L4:Q4)=6,"6인 평가 완료","평가 미완료") -> 평가 미완료 | T4: 미검토
A5: L01-AC | B5: L01 | C5: AC | D5: 연결 책임명확성 | E5: 관리조건 후보 | F5: 우리 조직에서는 요구사항관리와 BIA·중요도 분석 사이의 해당 연결을 조정할 책임 역할 또는 부서가 명확하다. | G5: 우리 조직에서는 요구사항 목록이 BIA의 우선순위·복구목표 설정에 입력될 때, 그 연결의 검토·승인·변경에 대한 책임자(또는 부서)가 정해져 있다. | H5: E1 | I5: A11 | J5: A49·A50; S07 출판사 초록 | K5: 검토·승인·변경의 세 질문을 단일 조정 책임으로 바꿈. Accountability와 동일 개념으로 인용하지 않음. | R5: =IF(COUNT(L5:Q5)=6,COUNTIF(L5:Q5,">=3")/6,"") | S5: =IF(COUNT(L5:Q5)=6,"6인 평가 완료","평가 미완료") -> 평가 미완료 | T5: 미검토
A6: L01-TM | B6: L01 | C6: TM | D6: 변경전파 적시성 | E6: 연결 품질 후보 | F6: 우리 조직에서는 요구사항 목록이 바뀌면, 그 변경 정보가 BIA·중요도 분석 업무에 필요한 시점 이전에 전달·처리된다. | G6: 우리 조직에서는 요구사항 목록이 바뀌면, BIA의 우선순위·복구목표 설정에 정해진 기간 안에 반영된다. | H6: E1 | I6: A11 | J6: S04 PDF pp.4–5 저널 pp.214–215; A27·A28·A41 | K6: 과업에 필요한 시점을 기준으로 함. 변경이 없었던 조직은 별도 코드로 처리. | R6: =IF(COUNT(L6:Q6)=6,COUNTIF(L6:Q6,">=3")/6,"") | S6: =IF(COUNT(L6:Q6)=6,"6인 평가 완료","평가 미완료") -> 평가 미완료 | T6: 미검토
A7: L02-CO | B7: L02 | C7: CO | D7: 정합성 | E7: 연결 품질 후보 | F7: 우리 조직에서는 요구사항 목록이 리스크평가의 범위·기준에 입력될 때, 두 내용 중 서로 대응해야 하는 기준·수치·전제에 모순이 없다. | G7: 우리 조직에서는 요구사항 목록이 리스크평가의 범위·기준에 입력될 때, 두 내용이 서로 모순 없이 일치한다. | H7: E1 | I7: A11 | J7: A12·A14·A16; S06 | K7: 서로 다른 프로세스 산출물의 내용 전체가 동일해야 한다는 오해를 줄임. | R7: =IF(COUNT(L7:Q7)=6,COUNTIF(L7:Q7,">=3")/6,"") | S7: =IF(COUNT(L7:Q7)=6,"6인 평가 완료","평가 미완료") -> 평가 미완료 | T7: 미검토
A8: L02-TR | B8: L02 | C8: TR | D8: 근거 추적가능성 | E8: 연결 품질 후보 | F8: 우리 조직에서는 리스크평가의 범위·기준에서 근거가 된 요구사항 목록을 식별자나 문서 위치를 통해 찾아갈 수 있다. | G8: 우리 조직에서는 리스크평가의 범위·기준에서 근거가 된 요구사항 목록을 거슬러 찾아 확인할 수 있다. | H8: E1 | I8: A11 | J8: S01 §5.1 PDF p.4 저널 pp.94–101 | K8: 후방 근거 추적 문항. 전방 추적은 측정 범위에 포함됐다고 주장하지 않음. | R8: =IF(COUNT(L8:Q8)=6,COUNTIF(L8:Q8,">=3")/6,"") | S8: =IF(COUNT(L8:Q8)=6,"6인 평가 완료","평가 미완료") -> 평가 미완료 | T8: 미검토
A9: L02-EV | B9: L02 | C9: EV | D9: 연결 증빙가능성 | E9: 연결 품질 후보 | F9: 우리 조직에서는 요구사항 목록이 리스크평가의 범위·기준에 입력될 때, 실제 사용 또는 평가 사실을 보여 주는 기록이 남아 있다. | G9: 우리 조직에서는 요구사항 목록이 리스크평가의 범위·기준에 입력될 때, 그 사실을 입증하는 문서·기록·승인(검토 기록, 회의록, 버전 이력 등)이 남아 있다. | H9: E1 | I9: A11 | J9: B17 PDF p.5; A13·A37 | K9: 문서 보유가 아니라 연결의 실제 수행 사실을 증명하는 기록을 묻도록 수정. | R9: =IF(COUNT(L9:Q9)=6,COUNTIF(L9:Q9,">=3")/6,"") | S9: =IF(COUNT(L9:Q9)=6,"6인 평가 완료","평가 미완료") -> 평가 미완료 | T9: 미검토
A10: L02-AC | B10: L02 | C10: AC | D10: 연결 책임명확성 | E10: 관리조건 후보 | F10: 우리 조직에서는 요구사항관리와 리스크평가 사이의 해당 연결을 조정할 책임 역할 또는 부서가 명확하다. | G10: 우리 조직에서는 요구사항 목록이 리스크평가의 범위·기준에 입력될 때, 그 연결의 검토·승인·변경에 대한 책임자(또는 부서)가 정해져 있다. | H10: E1 | I10: A11 | J10: A49·A50; S07 출판사 초록 | K10: 검토·승인·변경의 세 질문을 단일 조정 책임으로 바꿈. Accountability와 동일 개념으로 인용하지 않음. | R10: =IF(COUNT(L10:Q10)=6,COUNTIF(L10:Q10,">=3")/6,"") | S10: =IF(COUNT(L10:Q10)=6,"6인 평가 완료","평가 미완료") -> 평가 미완료 | T10: 미검토
A11: L02-TM | B11: L02 | C11: TM | D11: 변경전파 적시성 | E11: 연결 품질 후보 | F11: 우리 조직에서는 요구사항 목록이 바뀌면, 그 변경 정보가 리스크평가 업무에 필요한 시점 이전에 전달·처리된다. | G11: 우리 조직에서는 요구사항 목록이 바뀌면, 리스크평가의 범위·기준에 정해진 기간 안에 반영된다. | H11: E1 | I11: A11 | J11: S04 PDF pp.4–5 저널 pp.214–215; A27·A28·A41 | K11: 과업에 필요한 시점을 기준으로 함. 변경이 없었던 조직은 별도 코드로 처리. | R11: =IF(COUNT(L11:Q11)=6,COUNTIF(L11:Q11,">=3")/6,"") | S11: =IF(COUNT(L11:Q11)=6,"6인 평가 완료","평가 미완료") -> 평가 미완료 | T11: 미검토
A12: L03-CO | B12: L03 | C12: CO | D12: 정합성 | E12: 연결 품질 후보 | F12: 우리 조직에서는 BIA 결과가 리스크평가 대상 선정의 근거가 될 때, 두 내용 중 서로 대응해야 하는 기준·수치·전제에 모순이 없다. | G12: 우리 조직에서는 BIA 결과가 리스크평가 대상 선정의 근거가 될 때, 두 내용이 서로 모순 없이 일치한다. | H12: E1 | I12: A12 | J12: A12·A14·A16; S06 | K12: 서로 다른 프로세스 산출물의 내용 전체가 동일해야 한다는 오해를 줄임. | R12: =IF(COUNT(L12:Q12)=6,COUNTIF(L12:Q12,">=3")/6,"") | S12: =IF(COUNT(L12:Q12)=6,"6인 평가 완료","평가 미완료") -> 평가 미완료 | T12: 미검토
A13: L03-TR | B13: L03 | C13: TR | D13: 근거 추적가능성 | E13: 연결 품질 후보 | F13: 우리 조직에서는 리스크평가 대상에서 근거가 된 BIA 결과를 식별자나 문서 위치를 통해 찾아갈 수 있다. | G13: 우리 조직에서는 리스크평가 대상에서 근거가 된 BIA 결과를 거슬러 찾아 확인할 수 있다. | H13: E1 | I13: A12 | J13: S01 §5.1 PDF p.4 저널 pp.94–101 | K13: 후방 근거 추적 문항. 전방 추적은 측정 범위에 포함됐다고 주장하지 않음. | R13: =IF(COUNT(L13:Q13)=6,COUNTIF(L13:Q13,">=3")/6,"") | S13: =IF(COUNT(L13:Q13)=6,"6인 평가 완료","평가 미완료") -> 평가 미완료 | T13: 미검토
... A180: CR4 | B180: — | C180: 보조 | D180: 준거(역) | E180: 외부준거 후보 | F180: 감사나 경영진 검토에서 같은 BCMS 지적사항이 반복된다. | G180: 감사나 경영진 검토에서 같은 BCMS 지적사항이 반복된다. | H180: 해당 없음 | I180: 연구자 제안 | J180: 개념 정의 및 검증계획 참조 | K180: 종합·역문항·주의 문항을 독립적인 외부타당도 근거로 간주하지 않음. 자기보고 준거 후보이며 독립·객관 준거가 확보된 상태가 아님. | R180: =IF(COUNT(L180:Q180)=6,COUNTIF(L180:Q180,">=3")/6,"") | S180: =IF(COUNT(L180:Q180)=6,"6인 평가 완료","평가 미완료") -> 평가 미완료 | T180: 미검토

Sheet 인용지도
A1: 코드 | B1: 개념 | C1: 역할 | D1: 근거 | E1: 위치 | F1: 확인 수준 | G1: 범위·한계(이 근거가 말하지 않는 것)
A2: CO | B2: 정합성 | C2: 연결 품질 후보 | D2: S03 | E2: Appendix D1 | F2: 연구자 본문 확인 | G2: 표현 일관성은 형식·표현 호환성. 의미적 정합성의 정의로 사용하지 않음
A3: CO | B3: 정합성 | C3: 연결 품질 후보 | D3: S06 | E3: 저자기관 초록; 저널 pp.993–1009 | F3: 초록만 확인 | G3: 요구사항 일관성·진화·검증 논의. 본문 직접 보강 필요
A4: CO | B4: 정합성 | C4: 연결 품질 후보 | D4: A12·A14·A16 | E4: Arias PDF p.15–16 §4.3 | F4: 제공 PDF 문자열 대조(이 세션) | G4: BIA→RA, BIA→STR, STR→PLAN 연결 서술(관계 근거). 정합성 정의의 근거는 아님
A5: TR | B5: 근거 추적가능성 | C5: 연결 품질 후보 | D5: S01 | E5: §5.1 PDF p.4; 저널 pp.94–101 | F5: 연구자 본문 확인 | G5: 전방·후방 추적. 현재 문항은 후방 근거 추적만
A6: EV | B6: 연결 증빙가능성 | C6: 연결 품질 후보 | D6: B17 | E6: Białas PDF p.5 | F6: 제공 PDF 문자열 대조(이 세션) | G6: 훈련 결과·기록의 증거 역할. 연결 전체의 품질 차원으로 제시되지는 않음
A7: EV | B7: 연결 증빙가능성 | C7: 연결 품질 후보 | D7: A13·A37 | E7: Arias | F7: 제공 PDF 문자열 대조(이 세션) | G7: 연구자 확장. TR과 중복 검토 필요
A8: AC | B8: 연결 책임명확성 | C8: 관리조건 후보 | D8: A49·A50 | E8: Arias §4.3 | F8: 제공 PDF 문자열 대조(이 세션) | G8: 프로세스 전체 책임 서술
A9: AC | B9: 연결 책임명확성 | C9: 관리조건 후보 | D9: S07 | E9: 출판사 초록 | F9: 초록만 확인 | G9: Accountability = 설명·정당화 의무와 질문·판단·결과 부담. 담당 지정(AC)과 다름
A10: TM | B10: 변경전파 적시성 | C10: 연결 품질 후보 | D10: S04 | E10: PDF pp.4–5; 저널 pp.214–215 | F10: 연구자 본문 확인 | G10: 과업 맥락의 적시성과 currency 구분. 변경 전달 기한은 연구자 정의
A11: TM | B11: 변경전파 적시성 | C11: 연결 품질 후보 | D11: A27·A28·A41 | E11: Arias | F11: 제공 PDF 문자열 대조(이 세션) | G11: 변경관리 서술(관계 근거)
A12: FC | B12: 개선조치 완결성 | C12: 경로 수준 후보 | D12: A23·A25·A29 | E12: Arias §4.3 pp.15–16 | F12: 제공 PDF 문자열 대조(이 세션) | G12: 평가 결과의 개선 활용 서술. 조치 완료까지의 닫힌 순환은 실증하지 않음 → 개념 보류
A13: FC | B13: 개선조치 완결성 | C13: 경로 수준 후보 | D13: S08 | E13: 직접 근거에서 제외 | G13: Double-loop는 지배 규칙·가정 재검토. 개선조치 종결과 등치하지 않음
A14: 측정모형 | B14: 측정모형 | C14: 방법·절차 | D14: S10 | E14: 저널 pp.302–303; PDF pp.10–11 | F14: 연구자 본문 확인 | G14: 형성적·반영적 선택은 개념 정의에 따름. 6차원 평균을 보증하지 않음
A15: 척도개발 | B15: 척도개발 | C15: 방법·절차 | D15: S13 | E15: Table 1 | F15: 연구자 본문 확인 | G15: 영역·문항 생성·내용타당화·인지면접 절차. 고정 문항 수 보증 아님
A16: 내용타당도 | B16: 내용타당도 | C16: 방법·절차 | D16: S14 | E16: 출판사 초록 | F16: 초록만 확인 | G16: I-CVI .78 이상 권고 + 우연 합의 보정. 6인 5/6=.833 최소 충족
A17: 온톨로지 범위 | B17: 온톨로지 범위 | C17: 방법·절차 | D17: S15 | E17: PDF pp.4–5 §3 Step 1 | F17: 연구자 본문 확인 | G17: 범위·용도·질의로 영역 설정. 미완성 모델의 타당성을 보증하지 않음
A18: 온톨로지 표현 | B18: 온톨로지 표현 | C18: 방법·절차 | D18: Białas | E18: §2 pp.2–3 | F18: 제공 PDF 문자열 대조(이 세션) | G18: 클래스·인스턴스·object/data slot·역량질의(방법만 차용)

Sheet 참고문헌
A1: 본문 인용 표기 | B1: 참고문헌 | C1: DOI | D1: 확인 수준 | E1: 본 연구에서의 용도
A2: Arias-Aranda 외(2026) | B2: Arias-Aranda, D., Haufe, K., Dzombeta, S., & Stantchev, V. (2026). Business continuity management—Identifying relevant processes for a reference model. Applied Sciences, 16, 3219. | C2: 10.3390/app16073219 | D2: 제공 PDF 전체 + 이 세션의 문자열 대조 | E2: 22개 프로세스 유형(Table 5 p.14), 연결 서술 §4.3 pp.14–16
A3: Białas(2010) | B3: Białas, A. Ontological approach to the business continuity management system development. (제공 7쪽 PDF; 게재지·권호·DOI는 이 세션에서 확인하지 못함 — 서지 보강 필요) | C3: (미확인) | D3: 제공 PDF 전체 + 이 세션의 문자열 대조 (서지 정보만 미확정) | E3: 객체·관계·속성·역량질의의 표현 방식 §2 pp.2–3; B17 p.5
A4: Gotel & Finkelstein(1994) | B4: Gotel, O. C. Z., & Finkelstein, A. C. W. (1994). An analysis of the requirements traceability problem. In Proc. 1st Int. Conf. on Requirements Engineering (ICRE), pp. 94–101. IEEE Computer Society Press. | C4: 10.1109/ICRE.1994.292398 | D4: 연구자 본문 확인(V4 기록) | E4: TR: 전방·후방 추적, §5.1 PDF p.4
A5: Wang & Strong(1996) | B5: Wang, R. Y., & Strong, D. M. (1996). Beyond accuracy: What data quality means to data consumers. Journal of Management Information Systems, 12(4), 5–33. | D5: 연구자 본문 확인(V4 기록) | E5: CO: 표현 일관성과 의미적 정합성의 구별, Appendix D1
A6: Pipino 외(2002) | B6: Pipino, L. L., Lee, Y. W., & Wang, R. Y. (2002). Data quality assessment. Communications of the ACM, 45(4), 211–218. | C6: 10.1145/505248.506010 | D6: 연구자 본문 확인(V4 기록) | E6: TM: 과업 맥락의 적시성·currency, 저널 pp.214–215
A7: Zowghi & Gervasi(2003) | B7: Zowghi, D., & Gervasi, V. (2003). On the interplay between consistency, completeness, and correctness in requirements evolution. Information and Software Technology, 45(14), 993–1009. | D7: 저자기관 초록만 확인(V4 기록) — 본문 미확인 | E7: CO: 요구사항 일관성 논의(보강 필요)
A8: Bovens(2007) | B8: Bovens, M. (2007). Analysing and assessing accountability: A conceptual framework. European Law Journal, 13(4), 447–468. | C8: 10.1111/j.1468-0386.2007.00378.x | D8: 출판사 초록만 확인(V4 기록) — 본문 미확인 | E8: AC: Accountability와의 범위 차이 구별
A9: MacKenzie 외(2011) | B9: MacKenzie, S. B., Podsakoff, P. M., & Podsakoff, N. P. (2011). Construct measurement and validation procedures in MIS and behavioral research: Integrating new and existing techniques. MIS Quarterly, 35(2), 293–334. | D9: 연구자 본문 확인(V4 기록) | E9: 반영적·형성적 측정모형, pp.302–303
A10: Boateng 외(2018) | B10: Boateng, G. O., Neilands, T. B., Frongillo, E. A., Melgar-Quiñonez, H. R., & Young, S. L. (2018). Best practices for developing and validating scales for health, social, and behavioral research: A primer. Frontiers in Public Health, 6, 149. | C10: 10.3389/fpubh.2018.00149 | D10: 연구자 본문 확인(V4 기록) | E10: 척도 개발 절차, Table 1
A11: Polit 외(2007) | B11: Polit, D. F., Beck, C. T., & Owen, S. V. (2007). Is the CVI an acceptable indicator of content validity? Appraisal and recommendations. Research in Nursing & Health, 30(4), 459–467. | C11: 10.1002/nur.20199 | D11: 출판사 초록만 확인(V4 기록) — 본문 미확인 | E11: I-CVI .78 권고, 우연 합의 보정
A12: Noy & McGuinness(2001) | B12: Noy, N. F., & McGuinness, D. L. (2001). Ontology Development 101: A guide to creating your first ontology. Stanford University. | D12: 연구자 본문 확인(V4 기록) | E12: 온톨로지 범위 설정 Step 1, PDF pp.4–5
A13: Diamantopoulos & Winklhofer(2001) | B13: Diamantopoulos, A., & Winklhofer, H. M. (2001). Index construction with formative indicators: An alternative to scale development. Journal of Marketing Research, 38(2), 269–277. | C13: 10.1509/jmkr.38.2.269.18845 | D13: 서지만 — 본문 확인 필요 | E13: 현재 직접 근거로 사용하지 않음
A14: Cleland-Huang 외(2014) | B14: Cleland-Huang, J., Gotel, O. C. Z., Huffman Hayes, J., Mäder, P., & Zisman, A. (2014). Software traceability: Trends and future directions. In Proc. Future of Software Engineering (FOSE 2014), pp. 55–69. ACM. | C14: 10.1145/2593882.2593891 | D14: 서지만 — 본문 확인 필요 | E14: 현재 직접 근거로 사용하지 않음
A15: Batini 외(2009) | B15: Batini, C., Cappiello, C., Francalanci, C., & Maurino, A. (2009). Methodologies for data quality assessment and improvement. ACM Computing Surveys, 41(3), Article 16. | C15: 10.1145/1541880.1541883 | D15: 서지만 — 본문 확인 필요 | E15: 현재 직접 근거로 사용하지 않음
A16: Argyris(1977) | B16: Argyris, C. (1977). Double loop learning in organizations. Harvard Business Review, 55(5), 115–125. | D16: 출판사 소개만 확인(V4 기록) | E16: FC의 직접 차원 근거에서 제외
A17: ISO 19011:2018 | B17: ISO 19011:2018. Guidelines for auditing management systems. International Organization for Standardization. | D17: 서지만 — 표준 원문·판본 확인 필요 | E17: 조항 직접 인용 보류
A18: ISO 22301:2019 | B18: ISO 22301:2019. Security and resilience — Business continuity management systems — Requirements. International Organization for Standardization. | D18: 서지만 — 표준 원문·판본 확인 필요 | E18: 조항 직접 인용 보류

Sheet 품질개념6
A1: 코드 | B1: 수정 개념 | C1: 검토 역할 | D1: 조작적 정의 후보 | E1: 출처·위치 | F1: 원문이 말하는 범위 | G1: 전이·한계
A2: CO | B2: 정합성 | C2: 연결 품질 후보 | D2: 연결된 산출물과 후속 사용 내용 중 서로 대응해야 하는 기준·수치·전제가 모순되지 않는 정도. 내용 전체의 동일성을 뜻하지 않는다. | E2: A12·A14·A16; S06 | F2: S06 저자기관 초록에서 요구사항 일관성과 검증 논의 확인. 본문 미확인. S03의 표현 일관성은 동일한 형식의 표현이므로 의미적 정합성과 구별. | G2: BCMS 산출물 간 적용은 연구자 확장. 확정 요인 아님.
A3: TR | B3: 근거 추적가능성 | C3: 연결 품질 후보 | D3: 후속 산출물에서 해당 연결에 사용한 선행 근거의 식별자·위치를 찾을 수 있는 정도. 현재 문항은 후방 추적을 묻는다. | E3: S01 §5.1 PDF p.4 저널 pp.94–101 | F3: Gotel·Finkelstein의 추적성은 전방·후방 생애 추적을 포함. 현 문항은 그 중 후방 근거 추적만을 조작화. | G3: 소프트웨어 요구사항에서 BCMS로 전이. 전방 추적을 추가할지 Gate 2에서 판단.
A4: EV | B4: 연결 증빙가능성 | C4: 연결 품질 후보 | D4: 선행 산출물이 후속 프로세스에서 실제 사용·평가된 사실을 검증할 수 있는 기록이 존재하는 정도. | E4: B17 PDF p.5; A13·A37 | F4: Białas는 훈련 결과·기록의 인증 증거 역할을 설명. 연결 전체에 대한 차원은 제시하지 않음. | G4: 문서의 단순 보유와 구별. TR은 근거 위치, EV는 실제 사용 사실의 증거. 중복 검토 필요.
A5: AC | B5: 연결 책임명확성 | C5: 관리조건 후보 | D5: 두 프로세스 사이의 전달·조정에 책임을 지는 담당 역할 또는 부서가 명확한 정도. | E5: A49·A50; S07 출판사 초록 | F5: Arias는 프로세스 전체 책임을 설명. Bovens의 accountability는 설명·정당화 의무와 질문·판단·결과 부담을 포함하므로 담당 지정과 다름. | G5: Accountability의 번역 척도로 인용하지 않는다. 품질의 구성 차원인지 선행조건인지 별도 판단.
A6: TM | B6: 변경전파 적시성 | C6: 연결 품질 후보 | D6: 연결에 영향을 주는 선행 정보의 변경이 후속 업무에 필요한 시점 이전에 전달·처리되는 정도. | E6: S04 PDF pp.4–5 저널 pp.214–215; A27·A28·A41 | F6: Pipino 등은 과업과 관련된 데이터의 적시성과 currency를 구분해 논의. 변경 전달기한 자체는 BCMS 적용을 위한 연구자 정의. | G6: 정보의 오래됨만 묻는 최신성과 구별. 변경 없음은 별도 코드. 보편적인 고정 기한을 가정하지 않는다.
A7: FC | B7: 개선조치 완결성 | C7: 경로 수준 후보 | D7: 평가·훈련·사고에서 시작한 개선조치가 지정된 종료 기준을 충족하여 종결되는 정도. | E7: A23·A25·A29; 추가 직접 근거 필요 | F7: Arias는 평가 결과의 개선 활용을 설명하지만 조치 완료까지의 닫힌 순환을 실증하지 않음. S08은 차원 정의의 직접 근거에서 제외. | G7: 단일 연결보다 여러 연결을 잇는 경로의 상태. 8개 문항은 경로 지정·종료 기준 보강 전까지 개념 보류.

Sheet 객체22
A1: ID | B1: 한국어 | C1: Arias Table 5 원명 | D1: 원문 범주 | E1: PDCA | F1: 재난관리 주기 | G1: 전문가 지명률 % | H1: 원자료 분류 | I1: 대표 산출물 연구자 제안 | J1: 기준 출처
A2: GOV | B2: BC 거버넌스 | C2: Business continuity governance process | D2: 관리 | E2: - | F2: - | G2: 90 | H2: 범주 1 (채택) | I2: 경영진 검토 결과 | J2: Arias PDF p.14 Table 5. 지명률은 pp.11–13 참고 정보이며 관계 타당도 점수가 아님.
A3: POL | B3: BC 정책관리 | C3: Business continuity policy management process | D3: 핵심 | E3: Plan | F3: Mitigation | G3: 87 | H3: 범주 1 (채택) | I3: BC 정책 | J3: Arias PDF p.14 Table 5. 지명률은 pp.11–13 참고 정보이며 관계 타당도 점수가 아님.
A4: REQ | B4: 요구사항관리 | C4: Requirements management process | D4: 핵심 | E4: Plan | F4: Mitigation | G4: 74 | H4: 범주 2 (토론) | I4: 법규·계약 요구사항 목록 | J4: Arias PDF p.14 Table 5. 지명률은 pp.11–13 참고 정보이며 관계 타당도 점수가 아님.
A5: BIA | B5: BIA·중요도 분석 | C5: Business impact assessment and criticality analysis process | D5: 핵심 | E5: Plan | F5: Mitigation | G5: 100 | H5: 범주 1 (채택) | I5: BIA 결과(문서화된 업무연속성 요구사항) | J5: Arias PDF p.14 Table 5. 지명률은 pp.11–13 참고 정보이며 관계 타당도 점수가 아님.
A6: RA | B6: 리스크평가 | C6: Risk assessment process (for risks of disruption) | D6: 핵심 | E6: Plan | F6: Mitigation | G6: 90 | H6: 범주 1 (채택) | I6: 리스크 카탈로그 | J6: Arias PDF p.14 Table 5. 지명률은 pp.11–13 참고 정보이며 관계 타당도 점수가 아님.
A7: STR | B7: BC 전략·솔루션 결정·선정 | C7: Process of determining and selecting BC strategies and solutions | D7: 핵심 | E7: Plan | F7: Mitigation | G7: 74 | H7: 범주 2 (토론) | I7: 선정된 BC 전략·솔루션 | J7: Arias PDF p.14 Table 5. 지명률은 pp.11–13 참고 정보이며 관계 타당도 점수가 아님.
A8: PLAN | B8: BC 계획·절차 개발 | C8: Process of developing BC plans and procedures | D8: 핵심 | E8: Plan | F8: Mitigation | G8: 69 | H8: 범주 2 (토론) | I8: BC 계획·절차 | J8: Arias PDF p.14 Table 5. 지명률은 pp.11–13 참고 정보이며 관계 타당도 점수가 아님.
A9: IMP | B9: 솔루션 이행관리 | C9: Solution implementation management process | D9: 핵심 | E9: Do | F9: Preparedness | G9: 69 | H9: 범주 2 (토론) | I9: 구현된 솔루션 | J9: Arias PDF p.14 Table 5. 지명률은 pp.11–13 참고 정보이며 관계 타당도 점수가 아님.
A10: INC | B10: 사고·비상 대응 | C10: Incident and emergency handling process | D10: 핵심 | E10: Do | F10: Response | G10: 100 | H10: 범주 1 (채택) | I10: 사고 대응 기록 | J10: Arias PDF p.14 Table 5. 지명률은 pp.11–13 참고 정보이며 관계 타당도 점수가 아님.
A11: EXE | B11: BC 계획·절차 훈련·연습 | C11: Process of exercising BC plans and procedures | D11: 핵심 | E11: Do | F11: Preparedness | G11: 100 | H11: 범주 1 (채택) | I11: 연습 결과 | J11: Arias PDF p.14 Table 5. 지명률은 pp.11–13 참고 정보이며 관계 타당도 점수가 아님.
A12: AWR | B12: 인식·역량·교육 | C12: Awareness, competence, and training process | D12: 핵심 | E12: Do | F12: Preparedness | G12: 95 | H12: 범주 1 (채택) | I12: 교육 프로그램·기록 | J12: Arias PDF p.14 Table 5. 지명률은 pp.11–13 참고 정보이며 관계 타당도 점수가 아님.
A13: SUP | B13: 공급망관리 | C13: Supply chain management process | D13: 핵심 | E13: Do | F13: Preparedness | G13: 90 | H13: 범주 1 (채택) | I13: 공급업체 평가 결과 | J13: Arias PDF p.14 Table 5. 지명률은 pp.11–13 참고 정보이며 관계 타당도 점수가 아님.
... A23: CRM | B23: 고객관계관리 | C23: Customer relationship management process | D23: 지원 | E23: - | F23: - | G23: 3 | H23: 범주 3 (기각) | I23: 고객 만족·가치 입증 보고 | J23: Arias PDF p.14 Table 5. 지명률은 pp.11–13 참고 정보이며 관계 타당도 점수가 아님.

Sheet 인용원문72
A1: 인용ID | B1: 출처 | C1: PDF 쪽 | D1: 절 | E1: 제공 원문 | F1: 참고 번역 | G1: V3 사용처 | H1: 문자 대조 상태
A2: A01 | B2: Arias | C2: 4 | D2: §2.1 | E2: Activities utilizing resources must be managed to convert inputs into outputs through a series of interconnected or interacting activities, also called processes | F2: 자원을 사용하는 활동은 입력을 출력으로 전환하는, 상호 연결되거나 상호작용하는 일련의 활동, 즉 프로세스를 통해 관리되어야 한다. | G2: 연계성 정의의 근거(프로세스 = 상호 연결·상호작용 활동) | H2: 문자 대조 일치 2026-10-09
A3: A02 | B3: Arias | C3: 5 | D3: §2.1 (ISO/IEC 33004 기준 4) | E3: A process reference model should delineate the interconnections among the processes outlined within it. | F3: 프로세스 참조모델은 그 안에 기술된 프로세스들 사이의 상호 연결을 명시해야 한다. | G3: 연계성 정의의 근거(프로세스 간 상호 연결 명시 요구) | H3: 문자 대조 일치 2026-10-09
A4: A03 | B4: Arias | C4: 3 | D4: §1 | E4: A detailed reference model outlining BCMS processes—including inputs, outputs, interfaces, and interactions at the activity level—facilitates optimal coordination of these processes. | F4: BCMS 프로세스를 활동 수준의 입력·출력·인터페이스·상호작용까지 상세히 기술한 참조모델은 이들 프로세스의 최적 조정을 촉진한다. | G4: 연계성 정의의 근거(입력·출력·인터페이스) | H4: 문자 대조 일치 2026-10-09
A5: A04 | B5: Arias | C5: 6 | D5: §2.2 (ISO 22301 Clause 4.4) | E5: taking into account their order, interactions, inputs, outputs, resources, and assigned roles | F5: (BCMS 프로세스를 정의·이행·유지할 때) 프로세스의 순서, 상호작용, 입력, 출력, 자원, 부여된 역할을 고려한다. | G5: 연계성 정의의 근거(ISO 22301 4.4) | H5: 문자 대조 일치 2026-10-09
A6: A05 | B6: Arias | C6: 2 | D6: §1 | E6: Organizations often struggle with performing a checklist approach regarding the BCMS requirements because it does not necessarily lead to a sustainable operated management system. | F6: 조직은 BCMS 요구사항에 대해 체크리스트 방식을 수행하는 데 종종 어려움을 겪는데, 이는 지속 가능하게 운영되는 경영시스템으로 반드시 이어지지 않기 때문이다. | G6: 연결 유지 정도를 측정하는 이유(체크리스트의 한계) | H6: 문자 대조 일치 2026-10-09
A7: A06 | B7: Arias | C7: 3-4 | D7: §1 | E7: including process descriptions (process profiles) and process flow charts, though the latter are omitted here to maintain the scope of the paper | F7: (참조모델 결과물에는) 프로세스 설명(프로세스 프로파일)과 프로세스 흐름도가 포함되나, 후자는 논문 범위 유지를 위해 여기서는 생략한다. | G7: 연결 목록이 이 논문에서 완전하지 않을 수 있는 근거 | H7: 문자 대조 일치 2026-10-09
A8: A07 | B8: Arias | C8: 18 | D8: §5 | E8: A key finding of this pilot initiative is the reinforcement of the systemic nature of the BCMS, emphasizing the interplay between processes and the roles within the BCMS framework. | F8: 이 시범사업의 핵심 발견은 BCMS의 체계적 성격이 강화되었다는 점이며, BCMS 틀 안에서 프로세스와 역할 간의 상호작용이 강조된다. | G8: 연계성이 BCMS 운영의 핵심 특성이라는 근거 | H8: 문자 대조 일치 2026-10-09
A9: A08 | B9: Arias | C9: 17 | D9: §5 | E9: An unmodified application of the BCMS process reference model is inadequate; customization of BCMS processes according to the organization's specific needs is imperative. | F9: BCMS 프로세스 참조모델을 수정 없이 적용하는 것은 부적절하며, 조직의 요구에 맞춘 BCMS 프로세스의 맞춤화가 필수적이다. | G9: 연결 목록의 조직별 조정 필요성 | H9: 문자 대조 일치 2026-10-09
A10: A09 | B10: Arias | C10: 10 | D10: Figure 4 | E10: Regularity – interrelated and interacting tasks are repeated on a regular basis. | F10: 규칙성 – 상호 관련되고 상호작용하는 과업이 정기적으로 반복된다. | G10: 종합 문항 G06 근거 | H10: 문자 대조 일치 2026-10-09
A11: A10 | B11: Arias | C11: 10 | D11: Figure 4 | E11: Accountability/responsibility – business continuity manager is the process owner or process manager and the process is a core competency of the BCMS. | F11: 책임성 – 업무연속성 관리자가 프로세스 소유자 또는 관리자이며 해당 프로세스는 BCMS의 핵심 역량이다. | G11: 종합 문항 G04 근거 | H11: 문자 대조 일치 2026-10-09
A12: A11 | B12: Arias | C12: 15 | D12: §4.3 | E12: These requirements inform processes such as business impact assessment and criticality analysis, risk assessment, internal audits, and supply chain management. | F12: 이 요구사항들은 BIA·중요도 분석, 리스크평가, 내부감사, 공급망관리와 같은 프로세스에 정보를 제공한다. | G12: L01, L02, L04, L05 | H12: 문자 대조 일치 2026-10-09
... A73: B18 | B73: Białas | C73: 4 | D73: §2.8 (Fig.1 설명) | E73: the monitorReview_C slot filled with BCMS_3Check_4 individual, and the maintImprove_A slot filled with BCMS_4Act_1 individual | F73: monitorReview_C slot은 BCMS_3Check_4 개체로, maintImprove_A slot은 BCMS_4Act_1 개체로 채워진다. | G73: 환류폐쇄성 차원(점검→개선 구조) | H73: 문자 대조 일치 2026-10-09

Sheet 외부학술근거
A1: ID | B1: 참고문헌 | C1: 확인 수준 | D1: 확인 위치 | E1: 사용 범위·한계 | F1: 원문 또는 출판사 URL
A2: S01 | B2: Gotel, O. C. Z., & Finkelstein, A. C. W. (1994). An analysis of the requirements traceability problem. In Proc. 1st Int. Conf. on Requirements Engineering (ICRE), pp. 94–101. IEEE Computer Society Press. | C2: 원문 본문 확인 | D2: §5.1 PDF p.4; 첫 정의 PDF p.1 | E2: 요구사항의 생애를 전방·후방으로 추적하는 개념. 후방 근거 추적의 부분 차용을 명시. | F2: https://discovery.ucl.ac.uk/749/1/2.2_rtprob.pdf
A3: S02 | B3: Cleland-Huang, J., Gotel, O. C. Z., Huffman Hayes, J., Mäder, P., & Zisman, A. (2014). Software traceability: Trends and future directions. In Proc. Future of Software Engineering (FOSE 2014), pp. 55–69. ACM. | C3: 추가 원문 확인 필요 | D3: 확정 위치 없음 | E3: 현재 직접 근거로 사용하지 않음. 원문·정의·적용 한계를 보강해야 함. | F3: doi:10.1145/2593882.2593891
A4: S03 | B4: Wang, R. Y., & Strong, D. M. (1996). Beyond accuracy: What data quality means to data consumers. Journal of Management Information Systems, 12(4), 5–33. | C4: 원문 본문 확인 | D4: Appendix D1; DQ 분류 본문 | E4: 표현 일관성은 형식과 이전 데이터와의 표현 호환성을 다룸. 의미적 모순 없음의 동일 정의로 사용 불가. | F4: https://web.mit.edu/tdqm/www/tdqmpub/beyondaccuracy_files/beyondaccuracy.html
A5: S04 | B5: Pipino, L. L., Lee, Y. W., & Wang, R. Y. (2002). Data quality assessment. Communications of the ACM, 45(4), 211–218. | C5: 원문 본문 확인 | D5: PDF pp.4–5; 저널 pp.214–215 | E5: 과업 맥락의 적시성 및 currency·volatility를 논의. 변경전파 적시성 문항은 도메인 확장. | F5: https://web.mit.edu/tdqm/www/tdqmpub/PipinoLeeWangCACMApr02.pdf
A6: S05 | B6: Batini, C., Cappiello, C., Francalanci, C., & Maurino, A. (2009). Methodologies for data quality assessment and improvement. ACM Computing Surveys, 41(3), Article 16, 1–52. | C6: 추가 원문 확인 필요 | D6: 확정 위치 없음 | E6: 현재 직접 근거로 사용하지 않음. 원문·정의·적용 한계를 보강해야 함. | F6: https://doi.org/10.1145/1541880.1541883
A7: S06 | B7: Zowghi, D., & Gervasi, V. (2003). On the interplay between consistency, completeness, and correctness in requirements evolution. Information and Software Technology, 45(14), 993–1009. | C7: 저자기관 초록 확인 본문 미확인 | D7: UTS 저장소 초록; 저널 pp.993–1009 | E7: 요구사항 일관성·완전성·정확성과 진화·검증을 다룸. BCMS 정합성 정의의 직접 본문 보강 필요. | F7: https://opus.lib.uts.edu.au/handle/10453/4025
A8: S07 | B8: Bovens, M. (2007). Analysing and assessing accountability: A conceptual framework. European Law Journal, 13(4), 447–468. | C8: 출판사 초록 확인 본문 미확인 | D8: Wiley Abstract | E8: 책임성은 담당 지정 이상으로 설명·정당화 및 포럼의 질문·판단·결과를 포함. AC는 이 척도의 차용 아님. | F8: https://doi.org/10.1111/j.1468-0386.2007.00378.x
A9: S08 | B9: Argyris, C. (1977). Double loop learning in organizations. Harvard Business Review, 55(5), 115–125. | C9: 출판사 소개 확인 전체 본문 미확인 | D9: 직접 차원 근거 제외 | E9: Double-loop는 지배 규칙·가정 재검토를 다룸. 개선조치 종결과 등치하지 않음. | F9: https://hbr.org/1977/09/double-loop-learning-in-organizations
A10: S09 | B10: Diamantopoulos, A., & Winklhofer, H. M. (2001). Index construction with formative indicators: An alternative to scale development. Journal of Marketing Research, 38(2), 269–277. | C10: 추가 원문 확인 필요 | D10: 확정 위치 없음 | E10: 현재 직접 근거로 사용하지 않음. 원문·정의·적용 한계를 보강해야 함. | F10: doi:10.1509/jmkr.38.2.269.18845
A11: S10 | B11: MacKenzie, S. B., Podsakoff, P. M., & Podsakoff, N. P. (2011). Construct measurement and validation procedures in MIS and behavioral research: Integrating new and existing techniques. MIS Quarterly, 35(2), 293–334. | C11: 원문 본문 확인 | D11: 저널 pp.302–303; PDF pp.10–11 | E11: 형성적·반영적은 지표와 구성개념 사이 관계. 개념 정의를 바탕으로 선택하며 6차원 평균을 보증하지 않음. | F11: https://temme.wiwi.uni-wuppertal.de/fileadmin/_migrated/content_uploads/mackenzie_et_al_2011_kapitel_3_02.pdf
A12: S11 | B12: ISO 19011:2018. Guidelines for auditing management systems. International Organization for Standardization. | C12: 표준 원문 및 판본 확인 필요 | D12: 정의·조항 직접 인용 보류 | E12: 표준의 정의·조항을 직접 확인하기 전 본문처럼 인용하지 않음. 최신 판본 여부도 별도 확인. | F12: (서지만)
... A16: S15 | B16: Noy, N. F., & McGuinness, D. L. (2001). Ontology Development 101: A Guide to Creating Your First Ontology. Stanford University. | C16: 원문 본문 확인 | D16: PDF pp.4–5 §3 Step 1; HTML Step 1 | E16: 영역·사용 목적·질의로 범위를 정하고 반복적으로 수정하는 방법. 본 연구의 문항 개발용 범위 설정에 차용하며 미완성 모델의 타당성을 자동 보증하지 않음. | F16: https://protege.stanford.edu/publications/ontology_development/ontology101.pdf

Sheet 온톨로지규칙
A1: 요소 | B1: 유형·질의 | C1: 정의·규칙 | D1: 예시·검증 조건
A2: 범위 | B2: ProcessType | C2: Arias Table 5의 22개 프로세스 유형. 실제 조직에서 수행되는 ProcessInstance와 구별. | D2: GOV·POL·REQ 등 22개
A3: 산출물 | B3: Artifact | C3: 보고서·승인 요구사항·기록·자원 사용 보고. 프로세스와 산출물을 혼합하지 않음. | D3: BIA 보고서 ≠ BIA 프로세스
A4: 관계 | B4: ProcessLink | C4: sourceProcess·targetProcess·predicate·매개 산출물·원문 출처·문헌 직접성을 기록. | D4: L06: BIA 승인 요구사항→전략 선정 기준
A5: 방향 | B5: 의미 방향 | C5: testedBy는 시험 대상→시험 활동. 관계 방향이 실제 문서 이동 방향과 항상 같지는 않음. | D5: L15 PLAN testedBy EXE
A6: 관측 | B6: LinkObservation | C6: 조직·응답자·관측 기간·관계 인스턴스·문항 ID·응답 코드가 있어야 품질 상태 관측이 성립. | D6: 같은 L06도 조직·시점별 상태가 다름
A7: 경로 | B7: ImprovementPathObservation | C7: 개선 시작 사건·조치·관련 연결·종료 기준·종결 결과를 별도 기록. | D7: FC는 단일 엣지 점수로 자동 귀속하지 않음
A8: 위계 | B8: contains | C8: L13·L14는 하위 프로세스 포함 관계. 산출물 전달 품질 문항 대상에서 제외. | D8: INC contains WARN·REC
A9: 집단 | B9: CollectionStatement | C9: L27·L30은 집단 대상 진술로 주석 보존. CORE는 23번째 프로세스가 아님. | D9: nearly all과 core의 집합을 구별
A10: 근거 | B10: E1 E2 E3 | C10: E1 끝점·의미 직접 서술 / E2 끝점·방향·대상 정규화 / E3 직접 관계 근거 부족. 전문가 판단과 구별. | D10: 19·9·3개 관계 기록
A11: 품질 문항 | B11: 적합성 선별 | C11: 운영 후보 관계에서 측정 개념이 의미 있고 응답 가능한 경우만 생성. 전 관계×전 차원 강제 금지. | D11: 24쌍×5는 V3 기록 수이며 생성의 학술 규칙 아님
A12: 질의 CQ01 | B12: STR의 기준 근거 | C12: 질의 결과는 BIA의 승인된 업무연속성 요구사항과 L06. 설문 응답을 기대 답으로 쓰지 않음. | D12: 원문·관계표로 수동 점검
... A15: 형식화 | B15: 개념 온톨로지 상태 | C15: 현재는 객체·관계·출처가 있는 개념 스키마와 MAP. OWL 작성·추론·질의 테스트 완료로 표현하지 않음. | D15: 완전 운영 온톨로지 구축은 현 논문의 필수 목표로 가정하지 않음

Sheet 보류및누락
A1: ID | B1: 관계 후보 | C1: 관계 내용 | D1: 근거·보류 사유 | E1: 다음 처리
A2: H01 | B2: INC→PLAN | C2: 사고 경험을 계획 개정에 사용 | D2: 독립 관계 직접 근거 보강 필요. 변경관리 경유 경로와 구별. | E2: 보류
A3: H02 | B3: RA→CHG | C3: 위험평가와 변경관리의 양방향 관계 | D3: A26 for and from은 추가 추출 후보. direction·artifact를 특정한 뒤 판단. | E3: 추출 검토
A4: H03 | B4: EXE→AWR | C4: 연습 결과를 교육에 사용 | D4: 두 논문의 개별 교육·연습 설명을 직접 전달 관계로 단정하지 않음. | E4: 보류
A5: H04 | B5: GOV→CRM | C5: 거버넌스와 고객관계관리 | D5: In addition to는 병렬 설명이며 직접 연결을 확립하지 않음. | E5: 보류
A6: M01 | B6: STR→EXE | C6: 전략·솔루션의 시험 | D6: A23 p.15에서 시험 대상을 명시. 현 31개에는 PLAN→EXE만 등록. | E6: 추가 후보 문항 미생성
A7: M02 | B7: WARN→EXE | C7: 경보·의사소통 절차의 시험 | D7: A23 p.15의 명시 대상. WARN 프로세스와 절차 간 정규화 필요. | E7: 추가 후보 문항 미생성
A8: M03 | B8: CI→STR 또는 PLAN | C8: 개선 결과의 도착 대상 | D8: A25 p.16은 전략·계획·절차 개선을 언급. 대상별 중복·방향 검토 필요. | E8: 추가 후보 문항 미생성
A9: M04 | B9: RA→COM | C9: 위험 정보의 의사소통 | D9: Arias p.15은 위험 결과의 communication activities 입력을 언급. COM인지 WARN인지 대상 특정 필요. | E9: 추가 후보 문항 미생성
A10: M05 | B10: POL·AWR·REC | C10: 운영 연결 공백 | D10: 22개 유형 목록에는 존재하나 운영 후보 쌍의 직접 근거가 부족. 임의로 연결을 채우지 않음. | E10: 범위 제한 표시

Sheet 응답설계
A1: 항목 | B1: 후보 규칙 | C1: 운영·해석 조건
A2: 단위 | B2: 한 조직의 BCMS | C2: 동일 조직·동일 기간을 기준으로 해당 관계의 실무를 아는 담당자가 응답. 조직당 1인이면 조직에 대한 핵심정보제공자 보고임을 명시.
A3: 기간 | B3: 최근 12개월 후보 | C3: 회상·평가 주기를 고려한 연구자 제안. 전문가·인지면접에서 확정.
A4: 척도 | B4: 1~5 후보 | C4: 문항 의미에 맞는 정도 척도 앵커를 인지면접 후 확정. 현재 일반 설문용 확정본 아님.
A5: 모름 | B5: DK 별도 코드 | C5: 응답자 지식 부족. 낮은 품질이나 해당 없음으로 변환하지 않음.
A6: 범위 밖 | B6: NA 별도 코드 | C6: 연구 범위상 정당하게 적용되지 않는 관계. 사유를 수집하며 프로세스 미운영과 구별.
A7: 변경 없음 | B7: NC 별도 코드 | C7: TM에 필요한 변경 사건이 없었던 경우. 우수 점수·일반 결측으로 대체하지 않음.
A8: 프로세스 미운영 | B8: NO 별도 상태 | C8: 범위상 필요한 프로세스가 미운영이면 구조 결손 정보로 기록. 모든 관련 문항을 일괄 NA 처리하지 않음.
A9: 점수 | B9: 확정 전 산출 중단 | C9: 차원 평균·전체 지수·역채점·조직 집계는 측정모형과 결측 규칙 결정 후 구현.
A10: 응답자 여럿 | B10: 조직 내 군집 | C10: 조직별 집계 시 합의도·신뢰도와 다층 구조 검토. 개인 수를 독립 조직 표본 수로 대체하지 않음.

Sheet 검증계획
A1: Gate | B1: 목적 | C1: 다음 검토 | D1: 완료 조건·주의
A2: Gate 1 | B2: 연구 범위 고정 | C2: Arias 22개 객체 유형·V4 수정안·이전 세 관점 폐기 | D2: 사용자 확정. 품질 차원 수는 미확정.
A3: Gate 2 | B3: 관계 의미 및 품질 영역 | C3: 24개 운영 후보의 산출물·도착 사용 목적·필수성·대표성; 관리조건과 경로 구별 | D3: 이번 수정 다음 작업. 관계 공백과 후보 누락을 전문가 평가 전에 정리.
A4: Gate 3 | B4: 문항 후보와 내용타당화 | C4: 관계 타당성 평가와 문항 적합성·명료성·응답 가능성 평가를 별도 실시 | D4: I-CVI는 보조 지표. 6인 기준 5/6 이상이 .78을 충족. 의견·개념 누락을 함께 판단.
A5: Gate 4 | B5: 인지면접과 후보 축소 | C5: 담당자의 이해·근거 검색·응답 가능성·TR/EV 중복·TM 조건을 확인 | D5: 179개 전부를 설문으로 배포하지 않음. 보류 35와 경로 후보를 구별하고 심사 후 축소.
A6: Gate 5 | B6: 예비조사 및 측정모형 | C6: 반영적 후보는 EFA/CFA, 형성적·복합 지표는 다른 모형 평가 절차 | D6: 요인분석 결과만으로 형성/반영을 결정하지 않음. 최종 항목·모형·효과·결측에 맞춰 표본 설계.
A7: Gate 6 | B7: ORAS 판별타당도 | C7: ORAS 원저·판본·문항·사용 조건·한국어 적용 근거를 확보 | D7: 현재 파일에는 ORAS 척도 확정 근거가 없음. 상관 .85 단독 기준으로 판별타당도 판정 금지.
A8: Gate 7 | B8: 구조적 관계 SEM | C8: 측정모형 검증 후 연계성→조직회복탄력성의 구조적 관계 검증 | D8: 횡단 자기보고 SEM은 인과 효과 입증으로 표현하지 않음. 공통방법편의·통제·집계 수준 검토.
A9: Gate 8 | B9: 제3장 연구방법 | C9: 출처→객체→관계→개념→문항→제외 사유→검증 절차 | D9: 완료된 작업과 예정된 검증을 분리하여 서술.

Sheet 수정이력
A1: ID | B1: 중요도 | C1: 대상 | D1: V3 문제 | E1: V4 수정 | F1: 근거
A2: R01 | B2: 최우선 | C2: 새 시작점 | D2: Arias 22개 프로세스와 이전 세 관점 폐기가 명확하지 않음 | E2: 22개 프로세스 유지. 이전 세 관점은 측정 틀로 사용하지 않음. V3에서 수정한 V4가 다음 대화 기준. | F2: 사용자 지시 2026-10-09
A3: R02 | B3: 최우선 | C3: 6개 차원의 지위 | D3: 초기 가설인데 정의·점수표에서는 6차원 확정처럼 서술 | E3: 품질 후보 4, 관리조건 후보 1, 경로 후보 1로 역할을 구분한 검토안을 제시. 요인 수는 미확정. | F3: S10 저널 pp.302–303
A4: R03 | B4: 중요 | C4: 정합성 인용 | D4: Wang·Strong의 표현 일관성과 내용 간 모순 없음을 동일시할 위험 | E4: 표현 형식의 일관성과 의미적 정합성을 분리. S06은 현재 저자기관 초록 확인 수준. 직접 정의 보강 필요. | F4: S03 Appendix D; S06 초록
A5: R04 | B5: 중요 | C5: 추적성 범위 | D5: 전방·후방 추적 개념에 후방 문항만 배정 | E5: 현재 정의를 후방 근거 추적가능성으로 한정. 전방 추적 포함 여부는 Gate 2에서 판단. | F5: S01 §5.1 PDF p.4
A6: R05 | B6: 중요 | C6: 증빙성 인용 | D6: 훈련 기록의 증거 역할을 모든 연결의 품질 차원으로 확정 | E6: 연결 증빙가능성은 연구자 확장. 실제 사용 기록으로 문항을 수정하고 TR 중복을 검토. | F6: B17 PDF p.5
A7: R06 | B7: 최우선 | C7: 책임성 개념 | D7: 담당 지정 문항을 Bovens Accountability로 설명 | E7: 연결 책임명확성으로 변경. 관리조건 후보로 분리. 설명 의무·판단·결과 부담을 측정했다고 주장하지 않음. | F7: S07 출판사 초록; A49·A50
A8: R07 | B8: 중요 | C8: 시간 개념 | D8: 최신성과 적시성을 혼용 | E8: 변경전파 적시성으로 변경. 과업 필요 시점 기준으로 문항 수정. 변경 없음 분리. | F8: S04 저널 pp.214–215
A9: R08 | B9: 최우선 | C9: 환류와 완결성 | D9: 개선 결과 사용을 닫힌 순환 완료로 확장; Double-loop를 직접 근거로 사용 | E9: 개선조치 완결성은 경로 후보로 보류. 경로·종료 기준 및 직접 근거를 추가 확보. S08을 직접 정의 근거에서 제외. | F9: A23·A25·A29; 본 연구 판단
A10: R09 | B10: 최우선 | C10: 31개 관계 혼합 | D10: 위계 2·집단 2·가설 3에 동일하게 문항 생성 | E10: 운영 후보 24·위계 2·집단 2·근거 보류 3으로 구분. 관련 35문항은 기록 보존용 보류. | F10: A18·A21·A30; 관계근거31
A11: R10 | B11: 중요 | C11: 관계 근거 등급 | D11: L16·L23–L27·L31을 E1로 처리 | E11: 끝점·방향·집단의 정규화가 필요하므로 E2로 변경. E1 19·E2 9·E3 3. 문헌 직접성 분류이며 전문가 합의 아님. | F11: A23·A29·A30·A18
A12: R11 | B12: 최우선 | C12: ProcessLink와 CQ | D12: 프로세스 유형에 품질 점수를 고정; CQ와 설문을 동일시 | E12: LinkObservation에 조직·기간·응답자·문항 응답을 귀속. CQ는 지식구조 질의, 문항은 경험적 상태 관측으로 분리. | F12: B02·B04–B08
... A27: R26 | B27: 중요 | C27: B17 쪽 번호 | D27: V4 개념 근거·수정이력에 B17을 PDF p.6으로 표기(인용원문72는 p.5) | E27: Białas 제공 PDF 5쪽에서 B17 원문 확인(6쪽에는 없음). 예비문항179·품질개념6·수정이력의 'B17 PDF p.6'을 p.5로 정정. | F27: Białas PDF 쪽 대조
