Workbook

Sheet 안내
A1: BCMS 프로세스 간 연계성 — 문항은행 V2 (인용 근거와 연구자 의견 분리판)
A2: 박사논문 프로젝트 · 근거: Arias-Aranda et al.(2026) Appl. Sci. 16, 3219 / Białas(2010) Ontological approach to the BCMS development
A4: V2 핵심 변경 | B4: ① 모든 근거는 PDF 원문과 자동 대조한 영문 인용문(쪽 번호 포함)으로 제시. ② 인용이 말하는 것과 연구자 해석·가정을 열로 분리. ③ 연구자 의견에 해당하는 용어는 [정의서]에서 정의. ④ 증거유형을 E1/E2/E3으로 재분류(V1은 일부 과대평가). ⑤ 연결을 출발→도착 한 쌍으로 쪼갬(25→31개).
A5: 표기 규칙 | B5: 파란 바탕 열 = 논문 인용(원문 대조 완료) · 빨간 바탕 열 = 연구자 의견(해석·가정·지표화). 연구자 번역(한국어)은 참고용이며 원문 대조 대상이 아님.
A6: 증거유형 | B6: E1 = 원문이 S→T 연결을 직접 서술 · E2 = 원문이 연결을 서술하나 출발/도착 일부를 연구자가 특정·보완 · E3 = 원문에 연결 서술 없음(연구자 가정 또는 Białas 유추). 집계: E1 26개 / E2 2개 / E3 3개.
A7: 시트 구성 | B7: 정의서 · 인용근거(64) · 연결(31) · 관계유형(7) · 보류연결 · 객체(22) · 트리플 · 관계매트릭스 · 온톨로지맵 · 문항(108) · 보유·응답자정보 · 응답입력 · 연결점수 · 점수요약 · 검증
A8: 사용 순서 | B8: ① 정의서·연결 시트 검토(연구자 의견 열에 동의 여부 판단) → ② 문항 시트에서 전문가 6인 적합도(1~4) 입력, I-CVI·판정 자동 계산 → ③ 설문 응답을 응답입력 7행부터 입력 → ④ 연결점수·점수요약·검증 확인
A9: 입력 칸 | B9: 노란 바탕 + 파란 글씨 = 직접 입력. 응답입력 6행은 예시이며 집계에서 제외(집계는 7~56행).
A10: 응답 척도 | B10: 1 전혀 그렇지 않다 · 2 그렇지 않다 · 3 보통이다 · 4 그렇다 · 5 매우 그렇다 · 9 해당 없음/모르겠음(결측 처리)
A11: Białas 차용 범위 | B11: 방법만 차용(competency question, object slot의 domain/range, data slot, 검증 방식). 클래스 목록과 관계 이름은 BS 25999 기반이라 쓰지 않음.
A12: 중요한 한계 | B12: Arias는 프로세스가 핵심인지를 검증했을 뿐 프로세스 간 연결은 검증하지 않았음. 연결 31개는 전문가 검증 전 가설. R·V·U 구분, 관계유형 이름, 영역 분류, 집단 노드 CORE는 두 논문에 없는 연구자 설계.
A13: 검증 기록 | B13: 인용문 64/64 및 객체 22/22가 PDF 원문과 일치(검증일 2026-10-06). 재검증: scripts/verify_quotes.py

Sheet 정의서
A1: 정의서 — 용어별 정의, 유형(인용 정의 / 연구자 정의), 근거 인용
A2: 유형이 "연구자 정의"인 항목은 두 논문에 없는 연구자의 판단이며, 박사논문에서 연구자가 직접 확정해야 하는 부분
A4: ID | B4: 용어 | C4: 유형 | D4: 정의 | E4: 근거 인용 ID | F4: 근거 인용 원문(첫 번째) | G4: 근거·한계 설명
A5: D01 | B5: 프로세스(객체) | C5: 인용 정의 + 연구자 범위 설정 | D5: 입력을 출력으로 전환하는, 상호 관련되거나 상호작용하는 활동의 응집된 집합. 본 연구의 객체는 Arias Table 5의 22개 BCMS 프로세스이며, BCMS 계획은 프로젝트로 분류되어 제외한다. | E5: A42 / A01 / A48 | F5: =IFERROR(INDEX(인용근거!$E$5:$E$68,MATCH(LEFT(E5,3),인용근거!$A$5:$A$68,0)),"") -> In essence, a process represents a cohesive set of interrelated or interacting activities to transform inputs into outputs | G5: 객체 22개 선정 = Arias Table 5(인용). 객체에서 BCMS 계획을 뺀 것도 Arias의 분류(A48)를 따른 것.
A6: D02 | B6: 산출물(artefact) | C6: 인용 개념 + 연구자 정의 | D6: [연구자 정의] 프로세스가 만들어 다른 프로세스가 사용하는 문서·기록·보고·결정. Białas는 slot이 채워진 개체가 핵심 BCM 산출물(주로 문서)을 나타낸다고 쓴다. | E6: B07 | F6: =IFERROR(INDEX(인용근거!$E$5:$E$68,MATCH(LEFT(E6,3),인용근거!$A$5:$A$68,0)),"") -> The individuals with filled-in slots represent the key BCM artefacts, mostly documents, of the BCMO related knowledge base. | G6: 용어는 Białas에서 차용, 정의 문장은 연구자가 작성.
A7: D03 | B7: 연결(link) | C7: 연구자 정의 | D7: 프로세스 S의 산출물·결과·자원이 프로세스 T의 입력·기준·실행·개정에 쓰이도록 Arias가 서술한 방향성 있는 프로세스 쌍(S→T) 1개. 한 연결은 정확히 하나의 출발(S)과 하나의 도착(T)을 가진다(집단 노드 CORE 제외). Białas의 object-type slot(domain→range)에 대응시킨다. | E7: A02 / A03 / A04 / B04 / B05 | F7: =IFERROR(INDEX(인용근거!$E$5:$E$68,MATCH(LEFT(E7,3),인용근거!$A$5:$A$68,0)),"") -> A process reference model should delineate the interconnections among the processes outlined within it. | G7: 연결이라는 단위의 정의는 연구자 정의. 입력·출력·상호작용·상호 연결이 중요하다는 점은 인용.
A8: D04 | B8: 연계성(linkage) | C8: 연구자 정의(구성개념) | D8: BCMS 프로세스 간 연결이 조직의 실제 운영에서 반영(R)되고, 그 반영이 확인(V)되며, 출발 또는 도착 프로세스가 바뀔 때 갱신(U)되는 정도. 한 연결의 점수는 R·V·U 문항 평균, 조직의 연계성 지수는 연결 점수의 평균이다. | E8: A01 / A02 / A04 / B01 / A07 / A05 | F8: =IFERROR(INDEX(인용근거!$E$5:$E$68,MATCH(LEFT(E8,3),인용근거!$A$5:$A$68,0)),"") -> Activities utilizing resources must be managed to convert inputs into outputs through a series of interconnected or interacting activities, also called processes | G8: "연계성"이라는 용어와 R·V·U 구성은 두 논문에 없는 연구자 정의. 프로세스 간 상호 연결·상호작용이 BCMS의 핵심이라는 점(A01, A02, A04, B01, A07)과 체크리스트만으로는 지속 운영이 보장되지 않는다는 점(A05)이 정의의 이유.
A9: D05 | B9: 반영(R, reflected) | C9: 연구자 정의 | D9: T의 계획·기준·산출물·결정에 S의 산출물이 실제로 사용되었다는 증거(문서 인용, 항목 포함, 절차상 입력)가 있는 상태. | E9: (없음) | F9: (해당 인용 없음) | G9: 두 논문에 해당 구분 없음.
A10: D06 | B10: 확인(V, verified) | C10: 연구자 정의 | D10: S→T 반영이 누락·불일치 없이 이루어졌는지를 점검·검토·승인·대조하는 절차를 수행하고 기록하는 상태. | E10: A36 / A23 | F10: =IFERROR(INDEX(인용근거!$E$5:$E$68,MATCH(LEFT(E10,3),인용근거!$A$5:$A$68,0)),"") -> The solution implementation management process involves initiating and verifying BC strategies, solutions, and changes that may result thereof. | G10: Arias는 이행관리가 전략을 "verifying"하고(A36), 연습이 계획의 유효성을 "validate"한다고(A23) 서술한다. 이는 확인 행위의 예시로 참고했을 뿐 R/V/U 3상태 구분은 연구자 정의.
A11: D07 | B11: 갱신(U, updated) | C11: 연구자 정의 | D11: S의 산출물 또는 T가 바뀔 때, 상대 프로세스를 재검토하고 필요하면 개정하는 절차가 수행되는 상태. 문항에서는 "다시 검토하고 고친다" 형태로 표현한다. | E11: A41 | F11: =IFERROR(INDEX(인용근거!$E$5:$E$68,MATCH(LEFT(E11,3),인용근거!$A$5:$A$68,0)),"") -> The process of controlling documented information involves identifying, creating, updating, and controlling information essential for the effectiveness of the BCMS. | G11: Arias의 문서화된 정보 통제가 정보의 "updating"을 포함한다(A41)는 점을 참고. 갱신의 정의는 연구자 정의.
A12: D08 | B12: 관계유형(relation type) | C12: 연구자 정의 | D12: 연결의 의미를 7가지로 분류한 것(informs, elaboratedInto, testedBy, updates, triggers, contains, supplies). 정의와 판정 질문은 [관계유형] 시트에 있다. | E12: B04 | F12: =IFERROR(INDEX(인용근거!$E$5:$E$68,MATCH(LEFT(E12,3),인용근거!$A$5:$A$68,0)),"") -> i.e. relationships between an individual member of the given class (the object) and other individuals | G12: Białas의 관계 이름(hasBCplan 등)은 구성 관계 위주여서 쓰지 않았고, 7개 이름은 연구자가 붙임.
A13: D09 | B13: 증거유형 E1/E2/E3 | C13: 연구자 정의 | D13: E1=원문이 S→T 연결을 직접 서술(인용만으로 연결의 존재와 방향이 성립). E2=원문이 연결을 서술하나 출발 또는 도착 프로세스를 연구자가 특정·보완해야 함. E3=원문에 연결 서술이 없고 연구자 가정 또는 Białas의 유추에 의존. 각 연결에 인용문과 연구자 의견을 분리해 기록한다. | E13: (없음) | F13: (해당 인용 없음) | G13: 등급 기준은 연구자 정의.
A14: D10 | B14: 연결 영역 ①~⑤ | C14: 연구자 분류 | D14: 연결의 도착 프로세스가 수행하는 업무 흐름에 따라 묶은 분류(① 요구·분석, ② 전략·계획·이행, ③ 대응·복구·훈련, ④ 평가·개선·변경, ⑤ 거버넌스·이해관계자). | E14: (없음) | F14: (해당 인용 없음) | G14: Arias의 PDCA 열(Table 5)과는 별개의 연구자 분류. PDCA는 객체 시트에 별도 표기.
A15: D11 | B15: 집단 노드 CORE | C15: 연구자 정의 | D15: Arias가 "nearly all BCMS processes"처럼 프로세스를 열거하지 않고 가리킨 집단을 하나의 가상 노드로 표현한 것. 객체 22개에 포함되지 않는다. | E15: A30 / A18 | F15: =IFERROR(INDEX(인용근거!$E$5:$E$68,MATCH(LEFT(E15,3),인용근거!$A$5:$A$68,0)),"") -> The outcomes of nearly all BCMS processes are communicated centrally to stakeholders external to the BCMS as part of the consultation and communication process. | G15: 노드 자체는 연구자가 만든 것.
A16: D12 | B16: competency question | C16: 인용 정의 + 연구자 적용 | D16: 온톨로지 관련 지식베이스가 답할 수 있는 온톨로지 영역의 질문. 그 답이 온톨로지의 범위를 정의한다. 본 연구에서는 연결마다 "이 연결이 조직에서 유지되는지 어떤 질문으로 확인하는가"를 문항 3개(R·V·U)로 구체화한다. | E16: B02 / B03 | F16: =IFERROR(INDEX(인용근거!$E$5:$E$68,MATCH(LEFT(E16,3),인용근거!$A$5:$A$68,0)),"") -> The ontology domain questions that the ontology related knowledge base is able to answer are called competency questions | G16: 정의는 Białas 인용, 문항으로의 적용은 연구자 설계.
A17: D13 | B17: ProcessLink 객체화 | C17: 연구자 설계 | D17: 연결 자체를 하나의 개체로 보고 R·V·U를 그 개체의 속성(data slot)으로 두는 설계. Białas가 object slot을 관계로, data slot을 속성으로 구분한 방식을 응용했다. | E17: B04 / B06 | F17: =IFERROR(INDEX(인용근거!$E$5:$E$68,MATCH(LEFT(E17,3),인용근거!$A$5:$A$68,0)),"") -> i.e. relationships between an individual member of the given class (the object) and other individuals | G17: Białas는 이런 객체화를 하지 않았다.
A18: D14 | B18: 응답 9(해당 없음/모르겠음) | C18: 연구자 정의 | D18: 프로세스가 없거나 응답자가 알 수 없어 응답할 수 없는 경우. 점수 계산에서 결측으로 처리하며 "연결이 약함"과 구분한다. | E18: (없음) | F18: (해당 인용 없음)
A19: D15 | B19: 합의 판정(80%·20%) | C19: 인용 + 연구자 적용 | D19: 범주 1(80% 이상 채택), 범주 2(20~80% 토론), 범주 3(20% 미만 기각)의 3단계 판정. 본 연구는 전문가 맹검 재분류 일치율과 연결 타당도 판정에 같은 틀을 준용한다. | E19: A43 / A44 / A45 | F19: =IFERROR(INDEX(인용근거!$E$5:$E$68,MATCH(LEFT(E19,3),인용근거!$A$5:$A$68,0)),"") -> According to [32,33], the 80% threshold for consensus is commonly used and generally perceived as fair. | G19: Arias는 프로세스의 핵심 여부에 적용했고, 문항·연결에 적용하는 것은 연구자의 준용.
A20: D16 | B20: I-CVI 기준(0.78) | C20: 연구자 선택(관례) | D20: 전문가 6~10인 패널에서 적합도 3~4점 비율이 0.78 이상이면 채택하는 관례 기준. | E20: (없음) | F20: (해당 인용 없음) | G20: 두 논문에 근거 없음. 일반적 관례를 연구자가 선택.
A21: D17 | B21: Białas 차용 범위 | C21: 연구자 정의 | D21: 차용=방법(competency question, object slot의 domain/range, data slot, 개체=산출물, 검증 방식). 비차용=클래스 목록·관계 이름(BS 25999 기반). Białas는 BCMO가 프로토타입이며 실제 데이터 검증이 더 필요하다고 밝힌다. | E21: B15 / B14 / B02 / B04 / B05 / B06 / B08 | F21: =IFERROR(INDEX(인용근거!$E$5:$E$68,MATCH(LEFT(E21,3),인용근거!$A$5:$A$68,0)),"") -> compliant with the BS 25999 standard

Sheet 인용근거
A1: 인용 근거 라이브러리 — PDF 원문과 자동 대조한 인용문 64개
A2: 쪽 = PDF 쪽 번호(Arias는 저널 쪽 번호와 동일). 한국어 번역은 연구자 번역(참고용)이며 대조 대상이 아님.
A4: 인용ID | B4: 출처 | C4: PDF 쪽 | D4: 절 | E4: 원문(영어, verbatim) | F4: 한국어 번역(연구자 번역·참고) | G4: 사용처 | H4: 원문 대조
A5: A01 | B5: Arias | C5: 4 | D5: §2.1 | E5: Activities utilizing resources must be managed to convert inputs into outputs through a series of interconnected or interacting activities, also called processes | F5: 자원을 사용하는 활동은 입력을 출력으로 전환하는, 상호 연결되거나 상호작용하는 일련의 활동, 즉 프로세스를 통해 관리되어야 한다. | G5: 연계성 정의의 근거(프로세스 = 상호 연결·상호작용 활동) | H5: 일치 (2026-10-06)
A6: A02 | B6: Arias | C6: 5 | D6: §2.1 (ISO/IEC 33004 기준 4) | E6: A process reference model should delineate the interconnections among the processes outlined within it. | F6: 프로세스 참조모델은 그 안에 기술된 프로세스들 사이의 상호 연결을 명시해야 한다. | G6: 연계성 정의의 근거(프로세스 간 상호 연결 명시 요구) | H6: 일치 (2026-10-06)
A7: A03 | B7: Arias | C7: 3 | D7: §1 | E7: A detailed reference model outlining BCMS processes—including inputs, outputs, interfaces, and interactions at the activity level—facilitates optimal coordination of these processes. | F7: BCMS 프로세스를 활동 수준의 입력·출력·인터페이스·상호작용까지 상세히 기술한 참조모델은 이들 프로세스의 최적 조정을 촉진한다. | G7: 연계성 정의의 근거(입력·출력·인터페이스) | H7: 일치 (2026-10-06)
A8: A04 | B8: Arias | C8: 6 | D8: §2.2 (ISO 22301 Clause 4.4) | E8: taking into account their order, interactions, inputs, outputs, resources, and assigned roles | F8: (BCMS 프로세스를 정의·이행·유지할 때) 프로세스의 순서, 상호작용, 입력, 출력, 자원, 부여된 역할을 고려한다. | G8: 연계성 정의의 근거(ISO 22301 4.4) | H8: 일치 (2026-10-06)
A9: A05 | B9: Arias | C9: 2 | D9: §1 | E9: Organizations often struggle with performing a checklist approach regarding the BCMS requirements because it does not necessarily lead to a sustainable operated management system. | F9: 조직은 BCMS 요구사항에 대해 체크리스트 방식을 수행하는 데 종종 어려움을 겪는데, 이는 지속 가능하게 운영되는 경영시스템으로 반드시 이어지지 않기 때문이다. | G9: 연결 유지 정도를 측정하는 이유(체크리스트의 한계) | H9: 일치 (2026-10-06)
A10: A06 | B10: Arias | C10: 3-4 | D10: §1 | E10: including process descriptions (process profiles) and process flow charts, though the latter are omitted here to maintain the scope of the paper | F10: (참조모델 결과물에는) 프로세스 설명(프로세스 프로파일)과 프로세스 흐름도가 포함되나, 후자는 논문 범위 유지를 위해 여기서는 생략한다. | G10: 연결 목록이 이 논문에서 완전하지 않을 수 있는 근거 | H10: 일치 (2026-10-06)
A11: A07 | B11: Arias | C11: 18 | D11: §5 | E11: A key finding of this pilot initiative is the reinforcement of the systemic nature of the BCMS, emphasizing the interplay between processes and the roles within the BCMS framework. | F11: 이 시범사업의 핵심 발견은 BCMS의 체계적 성격이 강화되었다는 점이며, BCMS 틀 안에서 프로세스와 역할 간의 상호작용이 강조된다. | G11: 연계성이 BCMS 운영의 핵심 특성이라는 근거 | H11: 일치 (2026-10-06)
A12: A08 | B12: Arias | C12: 17 | D12: §5 | E12: An unmodified application of the BCMS process reference model is inadequate; customization of BCMS processes according to the organization's specific needs is imperative. | F12: BCMS 프로세스 참조모델을 수정 없이 적용하는 것은 부적절하며, 조직의 요구에 맞춘 BCMS 프로세스의 맞춤화가 필수적이다. | G12: 연결 목록의 조직별 조정 필요성 | H12: 일치 (2026-10-06)
A13: A09 | B13: Arias | C13: 10 | D13: Figure 4 | E13: Regularity – interrelated and interacting tasks are repeated on a regular basis. | F13: 규칙성 – 상호 관련되고 상호작용하는 과업이 정기적으로 반복된다. | G13: 종합 문항 G06 근거 | H13: 일치 (2026-10-06)
A14: A10 | B14: Arias | C14: 10 | D14: Figure 4 | E14: Accountability/responsibility – business continuity manager is the process owner or process manager and the process is a core competency of the BCMS. | F14: 책임성 – 업무연속성 관리자가 프로세스 소유자 또는 관리자이며 해당 프로세스는 BCMS의 핵심 역량이다. | G14: 종합 문항 G04 근거 | H14: 일치 (2026-10-06)
A15: A11 | B15: Arias | C15: 15 | D15: §4.3 | E15: These requirements inform processes such as business impact assessment and criticality analysis, risk assessment, internal audits, and supply chain management. | F15: 이 요구사항들은 BIA·중요도 분석, 리스크평가, 내부감사, 공급망관리와 같은 프로세스에 정보를 제공한다. | G15: L01, L02, L04, L05 | H15: 일치 (2026-10-06)
... A68: B16 | B68: Białas | C68: 4 | D68: §2.8 (Fig.1 설명) | E68: supportedByResource slot contains three individuals of resources used to manage and maintain BCMS within this organization | F68: supportedByResource slot은 이 조직 안에서 BCMS를 관리·유지하는 데 쓰이는 세 개의 자원 개체를 담는다. | G68: L10(자원이 BCMS를 지원한다는 구조) | H68: 일치 (2026-10-06)

Sheet 연결
A1: 연결 31개 — 인용 근거(파랑)와 연구자 의견(빨강)을 분리
A2: E1 직접 / E2 부분(연구자 보완) / E3 가정. 주 인용 원문은 인용근거 시트에서 자동으로 가져옴.
A4: ID | B4: 영역 | C4: 연결(S→T) | D4: 출발 S | E4: 도착 T | F4: 관계유형 | G4: 증거유형 | H4: 집단 | I4: 주 인용 ID | J4: 주 인용 원문(PDF 대조 완료) | K4: 보조 인용 ID | L4: 인용이 확립하는 사실 | M4: 연구자 의견: 해석·보완·가정 | N4: 연구자 의견: 측정 지표화(R/V/U) | O4: Białas 대응 | P4: 검증 필요 사항 | Q4: 문항 수 | R4: 점검
A5: L01 | B5: ① 요구·분석 | C5: REQ 요구사항관리 → BIA BIA·중요도 분석 | D5: REQ | E5: BIA | F5: informs | G5: E1 | I5: A11 | J5: =IFERROR(INDEX(인용근거!$E$5:$E$68,MATCH(LEFT(I5,3),인용근거!$A$5:$A$68,0)),"원문에 S→T 연결 서술 없음") -> These requirements inform processes such as business impact assessment and criticality analysis, risk assessment, internal audits, and supply chain management. | K5: (없음) | L5: 요구사항관리가 식별한 법규·규제·계약 요구사항이 BIA·중요도 분석 프로세스에 "정보를 제공(inform)"한다. | M5: "inform"을 "S의 산출물이 T의 입력·기준이 된다(informs)"로 해석. A11은 4개 프로세스를 한 문장으로 열거하므로 L01·L02·L04·L05는 이 문장에서 연구자가 분리한 연결. | N5: 반영=BIA의 우선순위·복구목표 설정에 요구사항이 사용된 증거 / 확인=BIA 결과의 요구사항 누락 점검 / 갱신=요구사항 변경 시 BIA 재검토 | O5: 해당 없음 | P5: 전문가 패널 연결 타당도 평가(요구사항이 BIA에 실제로 입력되는가) | Q5: =COUNTIF(문항!$D$5:$D$112,A5) -> 3 | R5: =IF(Q5=3,"OK","확인") -> OK
A6: L02 | B6: ① 요구·분석 | C6: REQ 요구사항관리 → RA 리스크평가 | D6: REQ | E6: RA | F6: informs | G6: E1 | I6: A11 | J6: =IFERROR(INDEX(인용근거!$E$5:$E$68,MATCH(LEFT(I6,3),인용근거!$A$5:$A$68,0)),"원문에 S→T 연결 서술 없음") -> These requirements inform processes such as business impact assessment and criticality analysis, risk assessment, internal audits, and supply chain management. | K6: (없음) | L6: 요구사항관리의 결과가 리스크평가 프로세스에 정보를 제공한다. | M6: 인용문 분리 사유는 L01과 동일. | N6: 반영=리스크평가의 범위·기준에 요구사항 사용 / 확인=요구사항 고려 여부 점검 / 갱신=요구사항 변경 시 리스크평가 기준·결과 재검토 | O6: 해당 없음 | P6: 전문가 패널 연결 타당도 평가 | Q6: =COUNTIF(문항!$D$5:$D$112,A6) -> 3 | R6: =IF(Q6=3,"OK","확인") -> OK
A7: L03 | B7: ① 요구·분석 | C7: BIA BIA·중요도 분석 → RA 리스크평가 | D7: BIA | E7: RA | F7: informs | G7: E1 | I7: A12 | J7: =IFERROR(INDEX(인용근거!$E$5:$E$68,MATCH(LEFT(I7,3),인용근거!$A$5:$A$68,0)),"원문에 S→T 연결 서술 없음") -> The risk assessment process, which focuses on identifying potential disruptions, relies on the outcomes of the business impact assessment and criticality analysis as its foundation. | K7: A13 | L7: 리스크평가는 BIA·중요도 분석의 결과를 기반(foundation)으로 삼는다. BIA의 최종 결과는 근거가 첨부된 문서화된 진술(업무연속성 요구사항)이다. | M7: "relies on ... as its foundation"을 informs(입력·기준)로 해석. | N7: 반영=리스크평가가 BIA의 핵심 활동 우선순위에서 출발 / 확인=평가 대상과 BIA 결과의 대조 / 갱신=BIA 결과 변경 시 리스크 목록 재검토 | O7: 해당 없음 | P7: 전문가 패널 연결 타당도 평가 | Q7: =COUNTIF(문항!$D$5:$D$112,A7) -> 3 | R7: =IF(Q7=3,"OK","확인") -> OK
A8: L04 | B8: ① 요구·분석 | C8: REQ 요구사항관리 → AUD 내부감사 | D8: REQ | E8: AUD | F8: informs | G8: E1 | I8: A11 | J8: =IFERROR(INDEX(인용근거!$E$5:$E$68,MATCH(LEFT(I8,3),인용근거!$A$5:$A$68,0)),"원문에 S→T 연결 서술 없음") -> These requirements inform processes such as business impact assessment and criticality analysis, risk assessment, internal audits, and supply chain management. | K8: (없음) | L8: 요구사항관리의 결과가 내부감사 프로세스에 정보를 제공한다. | M8: 인용문 분리 사유는 L01과 동일. 내부감사 기준에 요구사항이 포함된다는 구체적 형태는 연구자의 지표화. | N8: 반영=감사 기준·점검표에 요구사항 포함 / 확인=항목별 충족 확인 기록 / 갱신=요구사항 변경 시 감사 기준 재검토 | O8: 해당 없음 | P8: 전문가 패널 연결 타당도 평가 | Q8: =COUNTIF(문항!$D$5:$D$112,A8) -> 3 | R8: =IF(Q8=3,"OK","확인") -> OK
A9: L05 | B9: ① 요구·분석 | C9: REQ 요구사항관리 → SUP 공급망관리 | D9: REQ | E9: SUP | F9: informs | G9: E1 | I9: A11 | J9: =IFERROR(INDEX(인용근거!$E$5:$E$68,MATCH(LEFT(I9,3),인용근거!$A$5:$A$68,0)),"원문에 S→T 연결 서술 없음") -> These requirements inform processes such as business impact assessment and criticality analysis, risk assessment, internal audits, and supply chain management. | K9: A39 | L9: 요구사항관리의 결과가 공급망관리 프로세스에 정보를 제공한다. 외주 서비스는 업무연속성 관점에서 평가·분석·통제되어야 한다. | M9: 인용문 분리 사유는 L01과 동일. "공급업체 선정·계약 조건에 BC 요구사항 포함"은 A39(외주 서비스 통제)를 바탕으로 한 연구자의 지표화. | N9: 반영=공급업체 선정·계약 조건에 BC 요구사항 포함 / 확인=공급업체의 요구사항 충족 평가 / 갱신=요구사항 변경 시 요건·평가 재검토 | O9: 해당 없음 | P9: 전문가 패널 연결 타당도 평가 | Q9: =COUNTIF(문항!$D$5:$D$112,A9) -> 3 | R9: =IF(Q9=3,"OK","확인") -> OK
A10: L06 | B10: ② 전략·계획·이행 | C10: BIA BIA·중요도 분석 → STR BC 전략·솔루션 결정·선정 | D10: BIA | E10: STR | F10: informs | G10: E1 | I10: A14 | J10: =IFERROR(INDEX(인용근거!$E$5:$E$68,MATCH(LEFT(I10,3),인용근거!$A$5:$A$68,0)),"원문에 S→T 연결 서술 없음") -> After the completion of the business impact assessment and criticality analysis process, the approved business continuity requirements guide the determination and selection of suitable BC strategies and solutions | K10: A13 / A37 | L10: BIA·중요도 분석이 완료된 후, 승인된 업무연속성 요구사항이 BC 전략·솔루션의 결정·선정을 안내(guide)한다. BIA 결과는 경영진 승인을 거친다. | M10: "guide"를 informs(입력·기준)로 해석. | N10: 반영=전략·솔루션 선정 근거로 BIA 결과 사용 / 확인=선택안이 복구목표를 충족하는지 검증 / 갱신=BIA 결과 변경 시 전략·솔루션 재검토 | O10: 해당 없음 | P10: 전문가 패널 연결 타당도 평가 | Q10: =COUNTIF(문항!$D$5:$D$112,A10) -> 3 | R10: =IF(Q10=3,"OK","확인") -> OK
A11: L07 | B11: ② 전략·계획·이행 | C11: STR BC 전략·솔루션 결정·선정 → IMP 솔루션 이행관리 | D11: STR | E11: IMP | F11: elaboratedInto | G11: E1 | I11: A15 | J11: =IFERROR(INDEX(인용근거!$E$5:$E$68,MATCH(LEFT(I11,3),인용근거!$A$5:$A$68,0)),"원문에 S→T 연결 서술 없음") -> This process ensures that the BC strategies, solutions, and necessary changes are executed as planned. | K11: A36 | L11: 솔루션 이행관리 프로세스는 BC 전략·솔루션과 필요한 변경이 계획대로 실행되도록 보장하며, 이를 개시하고 검증한다. | M11: 인용문의 주어는 이행관리이고 대상은 전략·솔루션이므로 "STR이 IMP에서 구체화·실행된다"(STR→IMP)로 방향을 해석. A36의 "verifying"은 확인(V) 상태를 고안할 때 참고했으나 V의 정의는 연구자 정의. | N11: 반영=전략·솔루션이 담당·일정·예산이 있는 이행 활동으로 구체화 / 확인=구현 점검 / 갱신=전략·솔루션 수정 시 이행 계획 재검토 | O11: 해당 없음 | P11: 전문가 패널 연결 타당도 평가 | Q11: =COUNTIF(문항!$D$5:$D$112,A11) -> 3 | R11: =IF(Q11=3,"OK","확인") -> OK
A12: L08 | B12: ② 전략·계획·이행 | C12: STR BC 전략·솔루션 결정·선정 → PLAN BC 계획·절차 개발 | D12: STR | E12: PLAN | F12: elaboratedInto | G12: E1 | I12: A16 | J12: =IFERROR(INDEX(인용근거!$E$5:$E$68,MATCH(LEFT(I12,3),인용근거!$A$5:$A$68,0)),"원문에 S→T 연결 서술 없음") -> Corresponding BC plans and procedures, derived from the identified BC strategies and solutions, are developed within the process of developing BC plans and procedures. | K12: (없음) | L12: BC 계획·절차는 식별된 BC 전략·솔루션에서 도출(derived)되어 개발된다. | M12: "derived from"을 elaboratedInto(S의 내용이 T로 구체화됨)로 해석. | N12: 반영=계획·절차에 전략·솔루션의 가동 방법 포함 / 확인=승인 전 일치성 검토 / 갱신=전략·솔루션 변경 시 계획·절차 개정 | O12: 해당 없음 | P12: 전문가 패널 연결 타당도 평가 | Q12: =COUNTIF(문항!$D$5:$D$112,A12) -> 3 | R12: =IF(Q12=3,"OK","확인") -> OK
A13: L09 | B13: ② 전략·계획·이행 | C13: RA 리스크평가 → PLAN BC 계획·절차 개발 | D13: RA | E13: PLAN | F13: informs | G13: E1 | I13: A17 | J13: =IFERROR(INDEX(인용근거!$E$5:$E$68,MATCH(LEFT(I13,3),인용근거!$A$5:$A$68,0)),"원문에 S→T 연결 서술 없음") -> Furthermore, it includes risks associated with proposed changes, providing essential input for both communication activities and the development of business continuity plans and procedures. | K13: (없음) | L13: 리스크평가는 업무연속성 계획·절차 개발에 필수적인 입력(essential input)을 제공한다. | M13: A17의 주어 "it"이 리스크평가 프로세스임은 앞 문장의 주어에서 연구자가 확인한 지시 관계. | N13: 반영=계획·절차에 식별된 위협 시나리오 반영 / 확인=리스크 목록과 대조 / 갱신=리스크 변경 시 계획·절차 재검토 | O13: 해당 없음 | P13: 전문가 패널 연결 타당도 평가 | Q13: =COUNTIF(문항!$D$5:$D$112,A13) -> 3 | R13: =IF(Q13=3,"OK","확인") -> OK
A14: L10 | B14: ② 전략·계획·이행 | C14: RES 자원관리 → IMP 솔루션 이행관리 | D14: RES | E14: IMP | F14: supplies | G14: E2 | I14: A18 | J14: =IFERROR(INDEX(인용근거!$E$5:$E$68,MATCH(LEFT(I14,3),인용근거!$A$5:$A$68,0)),"원문에 S→T 연결 서술 없음") -> Outputs from this process include documented resources for implementing and running selected strategies, as well as resources for operating core BCMS processes, along with reports on resource utilization for BCMS core processes and the customer relationship management process | K14: A38 / B16 | L14: 자원관리의 산출물에는 선정된 전략의 이행·운영을 위한 문서화된 자원이 포함된다. 전략 실행에 필요한 자원은 자원관리에서 식별·배정·모니터링된다. | M14: [연구자 보완] 인용문은 "selected strategies의 implementing and running"을 위한 자원이라고만 쓰며 도착 프로세스를 특정하지 않는다. 이를 솔루션 이행관리(IMP)로 특정한 것은 연구자 해석(운영(running)은 IMP 외 프로세스일 수도 있음). | N14: 반영=솔루션 구현·운영에 필요한 자원이 문서로 확보·배정 / 확인=자원 충분성 확인 / 갱신=솔루션 변경 시 자원 배정 재검토 | O14: Białas는 supportedByResource slot으로 BCMS를 지원하는 자원 개체를 둔다(B16). 프로세스 간 연결은 아님. | P14: 전문가 패널에서 도착 프로세스(IMP)가 적절한지 평가. 부적절하면 도착을 "핵심 프로세스 전반"으로 변경 | Q14: =COUNTIF(문항!$D$5:$D$112,A14) -> 3 | R14: =IF(Q14=3,"OK","확인") -> OK
A15: L11 | B15: ③ 대응·복구·훈련 | C15: BIA BIA·중요도 분석 → RES 자원관리 | D15: BIA | E15: RES | F15: informs | G15: E3 | I15: (없음) | J15: =IFERROR(INDEX(인용근거!$E$5:$E$68,MATCH(LEFT(I15,3),인용근거!$A$5:$A$68,0)),"원문에 S→T 연결 서술 없음") -> 원문에 S→T 연결 서술 없음 | K15: B10 / B11 / A38 | L15: Białas는 BIA 보고서를 "서비스 재개에 필요한 자원"으로 질의하는 예를 보여 준다. Arias는 자원관리가 전략·BCMS 프로세스 실행에 필요한 자원을 식별한다고만 서술한다. | M15: [연구자 가정] BIA가 파악한 복구 필요 자원이 자원관리 계획에 투입된다는 연결은 Arias에 서술이 없다. Białas의 예는 프로세스 간 연결이 아니라 BIA 보고서 내부 속성(자원 항목)을 질의하는 수준이므로 유추 근거에 그친다. | N15: 반영=BIA의 복구 필요 자원이 자원 계획에 포함 / 확인=자원이 복구목표 달성에 충분한지 확인 / 갱신=BIA·복구목표 변경 시 자원 배정 재검토 | O15: Białas §2.8 Fig.4 설명(B10, B11): BIAreport의 resour4Resumption 속성 | P15: 전문가 합의 필수. 합의 80% 미만이면 삭제(Arias A44 판정 틀 준용) | Q15: =COUNTIF(문항!$D$5:$D$112,A15) -> 3 | R15: =IF(Q15=3,"OK","확인") -> OK
A16: L12 | B16: ③ 대응·복구·훈련 | C16: PLAN BC 계획·절차 개발 → INC 사고·비상 대응 | D16: PLAN | E16: INC | F16: elaboratedInto | G16: E2 | I16: A19 | J16: =IFERROR(INDEX(인용근거!$E$5:$E$68,MATCH(LEFT(I16,3),인용근거!$A$5:$A$68,0)),"원문에 S→T 연결 서술 없음") -> The activation of certain BC strategies and solutions is triggered when required, typically in response to a disruptive event, through the execution of BC plans and procedures. | K16: A20 | L16: BC 전략·솔루션의 가동은 중단 사건에 대응하여 BC 계획·절차의 실행을 통해 개시된다. 경보·커뮤니케이션은 조직의 BC 계획·절차 안에서 대응을 조정한다. | M16: [연구자 보완] 인용문은 "BC 계획·절차가 중단 사건 대응 시 실행된다"고 쓰지만 도착 프로세스를 "사고·비상 대응"으로 명시하지 않는다. 사고·비상 대응이 "중단 사건 관리의 포괄적 접근"을 정의한다는 같은 쪽 서술과 결합해 PLAN→INC로 해석. | N16: 반영=사고 대응 체계(역할·가동 기준)가 계획에 따라 정해짐 / 확인=실제·모의 사고에서 계획대로 대응했는지 확인 / 갱신=계획 변경 시 사고대응 체계 재검토 | O16: 해당 없음 | P16: 전문가 패널 연결 타당도 평가 | Q16: =COUNTIF(문항!$D$5:$D$112,A16) -> 3 | R16: =IF(Q16=3,"OK","확인") -> OK
... A30: L26 | B30: ⑤ 거버넌스·이해관계자 | C30: CHG BC 변경관리 → EXE BC 계획·절차 훈련·연습 | D30: CHG | E30: EXE | F30: updates | G30: E1 | I30: A29 | J30: =IFERROR(INDEX(인용근거!$E$5:$E$68,MATCH(LEFT(I30,3),인용근거!$A$5:$A$68,0)),"원문에 S→T 연결 서술 없음") -> The results of changes to the incident and emergency handling process or the process of exercising BC plans and procedures—as those processes initiated them. | K30: (없음) | L30: 변경의 결과가 BC 계획·절차 훈련·연습 프로세스로 돌아간다. | M30: 분리 사유는 L23과 동일. | N30: 반영=승인된 변경이 연습 절차·시나리오에 반영 / 확인=반영 확인 / 갱신=변경 승인마다 연습 절차 재검토 | O30: 해당 없음 | P30: 전문가 패널 연결 타당도 평가 | Q30: =COUNTIF(문항!$D$5:$D$112,A30) -> 3 | R30: =IF(Q30=3,"OK","확인") -> OK
A31: L27 | B31: ⑤ 거버넌스·이해관계자 | C31: 핵심 BCMS 프로세스 전반(집단) → COM 협의·커뮤니케이션 | D31: CORE | E31: COM | F31: informs | G31: E1 | H31: 집단 | I31: A30 | J31: =IFERROR(INDEX(인용근거!$E$5:$E$68,MATCH(LEFT(I31,3),인용근거!$A$5:$A$68,0)),"원문에 S→T 연결 서술 없음") -> The outcomes of nearly all BCMS processes are communicated centrally to stakeholders external to the BCMS as part of the consultation and communication process. | K31: A40 | L31: 거의 모든 BCMS 프로세스의 결과가 협의·커뮤니케이션 프로세스를 통해 BCMS 외부 이해관계자에게 중앙에서 전달된다. | M31: [연구자 판단] "nearly all BCMS processes"는 프로세스를 열거하지 않으므로 출발점을 집단 노드 CORE("핵심 BCMS 프로세스 전반")로 처리했다. CORE는 Arias의 객체가 아니라 연구자가 만든 가상 노드이다. | N31: 반영=BCMS 주요 결과가 이해관계자 협의 채널로 전달 / 확인=이해·의견 접수 확인 / 갱신=결과가 크게 바뀌면 전달 내용 재검토 | O31: 해당 없음 | P31: 전문가 패널에서 집단 출발점 처리의 적절성 평가 | Q31: =COUNTIF(문항!$D$5:$D$112,A31) -> 3 | R31: =IF(Q31=3,"OK","확인") -> OK
A32: L28 | B32: ⑤ 거버넌스·이해관계자 | C32: COM 협의·커뮤니케이션 → GOV BC 거버넌스 | D32: COM | E32: GOV | F32: informs | G32: E1 | I32: A31 | J32: =IFERROR(INDEX(인용근거!$E$5:$E$68,MATCH(LEFT(I32,3),인용근거!$A$5:$A$68,0)),"원문에 S→T 연결 서술 없음") -> These reports and identified requirements serve as inputs for the BC governance process. | K32: A47 | L32: 협의·커뮤니케이션의 보고와 식별된 요구사항은 BC 거버넌스 프로세스의 입력으로 쓰인다. | M32: "These reports"는 앞 문장(리스크와 BC 관리 보고의 커뮤니케이션)을 가리킨다고 연구자가 확인(A47). | N32: 반영=보고·요구사항이 경영진 검토·의사결정의 입력 / 확인=경영진 검토·결정 기록 / 갱신=새 보고·요구사항 접수 시 검토 안건 재검토 | O32: 해당 없음 | P32: 전문가 패널 연결 타당도 평가 | Q32: =COUNTIF(문항!$D$5:$D$112,A32) -> 3 | R32: =IF(Q32=3,"OK","확인") -> OK
A33: L29 | B33: ⑤ 거버넌스·이해관계자 | C33: GOV BC 거버넌스 → POL BC 정책관리 | D33: GOV | E33: POL | F33: elaboratedInto | G33: E3 | I33: (없음) | J33: =IFERROR(INDEX(인용근거!$E$5:$E$68,MATCH(LEFT(I33,3),인용근거!$A$5:$A$68,0)),"원문에 S→T 연결 서술 없음") -> 원문에 S→T 연결 서술 없음 | K33: A33 / A34 / A35 / B13 | L33: Arias는 거버넌스(BCMS가 이해관계자의 목표·요구에 부합하도록 보장)와 정책관리(정책의 개발·유지·보존, 접근·이해 보장)를 각각 서술할 뿐 두 프로세스의 관계는 서술하지 않는다. Białas는 목표(objectives)와 정책(policy)을 "Plan" 단계의 병렬 항목으로 나열한다. | M33: [연구자 가정] 정책이 경영진이 정한 BC 목표·방향에서 도출된다는 연결은 두 논문에 근거가 없다(이를 뒷받침하는 인용이 두 논문에 없음). 또한 Białas에서는 정책과 목표가 형제 항목이므로 Białas는 이 연결을 지지하지 않는다. | N33: 반영=BC 정책이 경영진의 BC 목표·방향 반영 / 확인=승인 절차로 일치 확인 / 갱신=목표·방향 변경 시 정책 개정·공지 | O33: Białas §2.8 Fig.2 설명(B13): 목표와 정책이 같은 Plan 단계의 병렬 항목 | P33: 전문가 합의 필수. 합의 80% 미만이면 삭제 | Q33: =COUNTIF(문항!$D$5:$D$112,A33) -> 3 | R33: =IF(Q33=3,"OK","확인") -> OK
A34: L30 | B34: ⑤ 거버넌스·이해관계자 | C34: RES 자원관리 → 핵심 BCMS 프로세스 전반(집단) | D34: RES | E34: CORE | F34: supplies | G34: E1 | H34: 집단 | I34: A18 | J34: =IFERROR(INDEX(인용근거!$E$5:$E$68,MATCH(LEFT(I34,3),인용근거!$A$5:$A$68,0)),"원문에 S→T 연결 서술 없음") -> Outputs from this process include documented resources for implementing and running selected strategies, as well as resources for operating core BCMS processes, along with reports on resource utilization for BCMS core processes and the customer relationship management process | K34: A38 | L34: 자원관리의 산출물에는 핵심 BCMS 프로세스 운영을 위한 자원과 BCMS 핵심 프로세스에 대한 자원 사용 보고가 포함된다. | M34: [연구자 판단] 도착이 "핵심 BCMS 프로세스(복수)"이므로 집단 노드 CORE를 사용(L27과 동일 사유). | N34: 반영=핵심 프로세스에 자원 제공·사용 보고 / 확인=보고서로 사용 확인 / 갱신=사용 보고 결과에 따라 자원 배분 재검토 | O34: 해당 없음 | P34: 전문가 패널에서 집단 도착점 처리의 적절성 평가 | Q34: =COUNTIF(문항!$D$5:$D$112,A34) -> 3 | R34: =IF(Q34=3,"OK","확인") -> OK
A35: L31 | B35: ⑤ 거버넌스·이해관계자 | C35: RES 자원관리 → CRM 고객관계관리 | D35: RES | E35: CRM | F35: supplies | G35: E1 | I35: A18 | J35: =IFERROR(INDEX(인용근거!$E$5:$E$68,MATCH(LEFT(I35,3),인용근거!$A$5:$A$68,0)),"원문에 S→T 연결 서술 없음") -> Outputs from this process include documented resources for implementing and running selected strategies, as well as resources for operating core BCMS processes, along with reports on resource utilization for BCMS core processes and the customer relationship management process | K35: A32 | L35: 자원관리의 산출물에는 고객관계관리 프로세스에 대한 자원 사용 보고가 포함된다. 고객관계관리는 고객 만족의 운영적 관리와 BC 투자 가치의 지속적 입증을 수행한다. | M35: R 문항의 "BC 투자 가치 입증"은 CRM의 기능을 서술한 A32를 문항 문구에 반영한 연구자의 지표화이며, 인용문이 "자원 보고가 가치 입증에 쓰인다"고 직접 말하는 것은 아니다. | N35: 반영=자원 사용 보고가 고객관계관리에 제공·활용 / 확인=보고의 충분성 확인 / 갱신=사용 현황 변경 시 보고 재검토 | O35: 해당 없음 | P35: 전문가 패널 연결 타당도 평가 | Q35: =COUNTIF(문항!$D$5:$D$112,A35) -> 3 | R35: =IF(Q35=3,"OK","확인") -> OK

Sheet 관계유형
A1: 관계유형 7개 — 연구자 정의(S→T 방향으로 읽음)
A2: Białas의 관계 이름(hasBCplan 등)은 구성 관계 위주여서 쓰지 않고, 연결의 의미를 구분하기 위해 연구자가 정의했다.
A4: ID | B4: 관계유형 | C4: 정의(S→T) | D4: 판정 질문 | E4: 해당 연결
A5: RT01 | B5: informs | C5: S의 산출물이 T의 입력·기준·근거가 된다. | D5: T를 수행할 때 S의 산출물이 필요한가? | E5: L01~L06, L09, L11, L17, L18~L20, L27, L28
A6: RT02 | B6: elaboratedInto | C6: S의 내용이 T로 구체화·도출·실행된다. | D6: T의 내용은 S에서 도출되는가(S가 바뀌면 T를 다시 써야 하는가)? | E6: L07, L08, L12, L29
A7: RT03 | B7: testedBy | C7: S가 T에 의해 시험·검증된다. | D7: T가 S의 유효성을 평가하는가? | E7: L15
A8: RT04 | B8: updates | C8: S의 결과·승인된 변경이 T의 내용을 개정·갱신한다. | D8: S의 결과가 T의 문서·절차를 바꾸는가? | E8: L16, L22, L25, L26
A9: RT05 | B9: triggers | C9: S의 사건·결과가 T의 수행을 개시한다. | D9: S가 일어나면 T가 시작되는가? | E9: L21, L23, L24
A10: RT06 | B10: contains | C10: T는 S의 하위 프로세스이다. | D10: T가 S의 일부로서 S 안에서 수행되는가? | E10: L13, L14
A11: RT07 | B11: supplies | C11: S가 T에 자원 또는 자원 관련 보고를 제공한다. | D11: T가 S로부터 자원 또는 자원 사용 보고를 받는가? | E11: L10, L30, L31

Sheet 보류연결
A1: 보류·제외한 후보 연결 — 채택하지 않은 이유
A2: 연구자 결정란에 포함/제외를 직접 기록(노란 칸)
A4: ID | B4: 출발 | C4: 도착 | D4: 후보 내용 | E4: 채택하지 않은 이유(인용 근거 부재) | F4: 권고 | G4: 연구자 결정
A5: H01 | B5: INC | C5: PLAN | D5: 사고 대응 경험을 BC 계획·절차 개정에 반영 | E5: Arias에는 연습(EXE)→계획(L16)만 서술되고 사고 대응→계획 환류는 서술이 없음. 사고 결과는 변경관리(L23)를 거쳐 반영되는 경로만 근거가 있음. | F5: 연구자 결정 필요
A6: H02 | B6: RA | C6: CHG | D6: 리스크평가 결과를 변경 판단에 사용 | E6: A26의 "for and from the risk assessment process"는 양방향을 시사하나 방향이 문장에서 분리되지 않음. 현재는 CHG→RA(L21)만 채택. | F6: 연구자 결정 필요
A7: H03 | B7: EXE | C7: AWR | D7: 연습 결과를 교육 내용에 반영 | E7: 두 논문에 서술 없음. L17(PLAN→AWR)과 중복 가능성. | F7: 제외 권고
A8: H04 | B8: GOV | C8: CRM | D8: 거버넌스와 고객관계관리의 관계 | E8: A32는 두 프로세스를 "In addition to"로 병렬 서술할 뿐 연결을 서술하지 않음. | F8: 제외 권고
A9: H05 | B9: CI | C9: PERF | D9: 개선 결과를 성과평가 지표에 반영 | E9: A25는 성과평가→개선 방향만 서술. 개선 후 지표 갱신은 서술 없음. | F9: 제외 권고
A10: H06 | B10: DOC | C10: 전 프로세스 | D10: 문서화된 정보 통제가 모든 프로세스를 지원 | E10: A41은 정보 통제의 내용만 서술하고 프로세스별 연결은 CHG→DOC(L22)만 서술. | F10: 제외 권고

Sheet 객체
A1: 객체 — Arias Table 5의 22개 BCMS 프로세스
A2: 범주·PDCA·재난관리주기: Table 5(p.14) / 전문가 지명률: Table 2–4(pp.11–13, 전문가 39명) / 대표 산출물: 연구자 제안
A4: ID | B4: 프로세스(한글) | C4: Arias 원문 이름 | D4: 범주 | E4: PDCA | F4: 재난관리주기 | G4: 전문가 지명률(%) | H4: Arias 합의 구분(80/20) | I4: 대표 산출물(연구자 제안) | J4: 관련 연결 수
A5: GOV | B5: BC 거버넌스 | C5: Business continuity governance process | D5: 관리 | E5: - | F5: - | G5: 90 | H5: =IF(G5>=80,"범주 1 (채택)",IF(G5>=20,"범주 2 (토론)","범주 3 (기각)")) -> 범주 1 (채택) | I5: 경영진 검토 결과 | J5: =COUNTIF(연결!$D$5:$D$35,A5)+COUNTIF(연결!$E$5:$E$35,A5) -> 2
A6: POL | B6: BC 정책관리 | C6: Business continuity policy management process | D6: 핵심 | E6: Plan | F6: Mitigation | G6: 87 | H6: =IF(G6>=80,"범주 1 (채택)",IF(G6>=20,"범주 2 (토론)","범주 3 (기각)")) -> 범주 1 (채택) | I6: BC 정책 | J6: =COUNTIF(연결!$D$5:$D$35,A6)+COUNTIF(연결!$E$5:$E$35,A6) -> 1
A7: REQ | B7: 요구사항관리 | C7: Requirements management process | D7: 핵심 | E7: Plan | F7: Mitigation | G7: 74 | H7: =IF(G7>=80,"범주 1 (채택)",IF(G7>=20,"범주 2 (토론)","범주 3 (기각)")) -> 범주 2 (토론) | I7: 법규·계약 요구사항 목록 | J7: =COUNTIF(연결!$D$5:$D$35,A7)+COUNTIF(연결!$E$5:$E$35,A7) -> 4
A8: BIA | B8: BIA·중요도 분석 | C8: Business impact assessment and criticality analysis process | D8: 핵심 | E8: Plan | F8: Mitigation | G8: 100 | H8: =IF(G8>=80,"범주 1 (채택)",IF(G8>=20,"범주 2 (토론)","범주 3 (기각)")) -> 범주 1 (채택) | I8: BIA 결과(문서화된 업무연속성 요구사항) | J8: =COUNTIF(연결!$D$5:$D$35,A8)+COUNTIF(연결!$E$5:$E$35,A8) -> 4
A9: RA | B9: 리스크평가 | C9: Risk assessment process (for risks of disruption) | D9: 핵심 | E9: Plan | F9: Mitigation | G9: 90 | H9: =IF(G9>=80,"범주 1 (채택)",IF(G9>=20,"범주 2 (토론)","범주 3 (기각)")) -> 범주 1 (채택) | I9: 리스크 카탈로그 | J9: =COUNTIF(연결!$D$5:$D$35,A9)+COUNTIF(연결!$E$5:$E$35,A9) -> 4
A10: STR | B10: BC 전략·솔루션 결정·선정 | C10: Process of determining and selecting BC strategies and solutions | D10: 핵심 | E10: Plan | F10: Mitigation | G10: 74 | H10: =IF(G10>=80,"범주 1 (채택)",IF(G10>=20,"범주 2 (토론)","범주 3 (기각)")) -> 범주 2 (토론) | I10: 선정된 BC 전략·솔루션 | J10: =COUNTIF(연결!$D$5:$D$35,A10)+COUNTIF(연결!$E$5:$E$35,A10) -> 3
A11: PLAN | B11: BC 계획·절차 개발 | C11: Process of developing BC plans and procedures | D11: 핵심 | E11: Plan | F11: Mitigation | G11: 69 | H11: =IF(G11>=80,"범주 1 (채택)",IF(G11>=20,"범주 2 (토론)","범주 3 (기각)")) -> 범주 2 (토론) | I11: BC 계획·절차 | J11: =COUNTIF(연결!$D$5:$D$35,A11)+COUNTIF(연결!$E$5:$E$35,A11) -> 6
A12: IMP | B12: 솔루션 이행관리 | C12: Solution implementation management process | D12: 핵심 | E12: Do | F12: Preparedness | G12: 69 | H12: =IF(G12>=80,"범주 1 (채택)",IF(G12>=20,"범주 2 (토론)","범주 3 (기각)")) -> 범주 2 (토론) | I12: 구현된 솔루션 | J12: =COUNTIF(연결!$D$5:$D$35,A12)+COUNTIF(연결!$E$5:$E$35,A12) -> 2
A13: INC | B13: 사고·비상 대응 | C13: Incident and emergency handling process | D13: 핵심 | E13: Do | F13: Response | G13: 100 | H13: =IF(G13>=80,"범주 1 (채택)",IF(G13>=20,"범주 2 (토론)","범주 3 (기각)")) -> 범주 1 (채택) | I13: 사고 대응 기록 | J13: =COUNTIF(연결!$D$5:$D$35,A13)+COUNTIF(연결!$E$5:$E$35,A13) -> 5
A14: EXE | B14: BC 계획·절차 훈련·연습 | C14: Process of exercising BC plans and procedures | D14: 핵심 | E14: Do | F14: Preparedness | G14: 100 | H14: =IF(G14>=80,"범주 1 (채택)",IF(G14>=20,"범주 2 (토론)","범주 3 (기각)")) -> 범주 1 (채택) | I14: 연습 결과 | J14: =COUNTIF(연결!$D$5:$D$35,A14)+COUNTIF(연결!$E$5:$E$35,A14) -> 4
A15: AWR | B15: 인식·역량·교육 | C15: Awareness, competence, and training process | D15: 핵심 | E15: Do | F15: Preparedness | G15: 95 | H15: =IF(G15>=80,"범주 1 (채택)",IF(G15>=20,"범주 2 (토론)","범주 3 (기각)")) -> 범주 1 (채택) | I15: 교육 프로그램·기록 | J15: =COUNTIF(연결!$D$5:$D$35,A15)+COUNTIF(연결!$E$5:$E$35,A15) -> 1
A16: SUP | B16: 공급망관리 | C16: Supply chain management process | D16: 핵심 | E16: Do | F16: Preparedness | G16: 90 | H16: =IF(G16>=80,"범주 1 (채택)",IF(G16>=20,"범주 2 (토론)","범주 3 (기각)")) -> 범주 1 (채택) | I16: 공급업체 평가 결과 | J16: =COUNTIF(연결!$D$5:$D$35,A16)+COUNTIF(연결!$E$5:$E$35,A16) -> 2
... A26: CRM | B26: 고객관계관리 | C26: Customer relationship management process | D26: 지원 | E26: - | F26: - | G26: 3 | H26: =IF(G26>=80,"범주 1 (채택)",IF(G26>=20,"범주 2 (토론)","범주 3 (기각)")) -> 범주 3 (기각) | I26: 고객 만족·가치 입증 보고 | J26: =COUNTIF(연결!$D$5:$D$35,A26)+COUNTIF(연결!$E$5:$E$35,A26) -> 1
A28: 주: 지명률 합의 구분은 참고용이다. Arias는 합의에 미달한 프로세스도 ISO 22301 요건(A45)을 이유로 핵심 프로세스로 유지했고, CRM(3%)도 참조모델에 포함해야 한다고 보았다(p.13). "BCMS 계획"은 프로젝트로 분류되어 제외했다(A48).

Sheet 트리플
A1: 온톨로지 트리플(주어–관계–목적어)
A2: 관계 트리플은 S—relation→T. ProcessLink 트리플은 연결을 개체로 보고 R·V·U 문항을 연결(Białas의 data slot 응용, 연구자 설계).
A4: 주어 | B4: 관계 | C4: 목적어 | D4: 연결 ID | E4: 증거유형 | F4: 구분
A5: REQ | B5: informs | C5: BIA | D5: L01 | E5: E1 | F5: 프로세스 관계
A6: REQ | B6: informs | C6: RA | D6: L02 | E6: E1 | F6: 프로세스 관계
A7: BIA | B7: informs | C7: RA | D7: L03 | E7: E1 | F7: 프로세스 관계
A8: REQ | B8: informs | C8: AUD | D8: L04 | E8: E1 | F8: 프로세스 관계
A9: REQ | B9: informs | C9: SUP | D9: L05 | E9: E1 | F9: 프로세스 관계
A10: BIA | B10: informs | C10: STR | D10: L06 | E10: E1 | F10: 프로세스 관계
A11: STR | B11: elaboratedInto | C11: IMP | D11: L07 | E11: E1 | F11: 프로세스 관계
A12: STR | B12: elaboratedInto | C12: PLAN | D12: L08 | E12: E1 | F12: 프로세스 관계
A13: RA | B13: informs | C13: PLAN | D13: L09 | E13: E1 | F13: 프로세스 관계
A14: RES | B14: supplies | C14: IMP | D14: L10 | E14: E2 | F14: 프로세스 관계
A15: BIA | B15: informs | C15: RES | D15: L11 | E15: E3 | F15: 프로세스 관계
... A252: Link_L31 | B252: updated | C252: L31-U | D252: L31 | E252: E1 | F252: ProcessLink 객체

Sheet 관계매트릭스
A1: 관계 매트릭스 — 행(출발 S) → 열(도착 T)
A2: 셀 = 연결 ID, 굵은 글씨 = E1, 이탤릭 = E2, 빨간 글씨 = E3. CORE = 집단 노드(연구자 생성)
B4: GOV | C4: POL | D4: REQ | E4: BIA | F4: RA | G4: STR | H4: PLAN | I4: IMP | J4: INC | K4: EXE | L4: AWR | M4: SUP | N4: AUD | O4: PERF | P4: CI | Q4: CHG | R4: WARN | S4: REC | T4: DOC | U4: RES | V4: COM | W4: CRM | X4: CORE
A5: GOV | C5: L29
A6: POL
A7: REQ | E7: L01 | F7: L02 | M7: L05 | N7: L04
A8: BIA | F8: L03 | G8: L06 | U8: L11
A9: RA | H9: L09
A10: STR | H10: L08 | I10: L07
A11: PLAN | J11: L12 | K11: L15 | L11: L17
A12: IMP
A13: INC | Q13: L23 | R13: L13 | S13: L14
A14: EXE | H14: L16 | Q14: L24
A15: AWR
A16: SUP | P16: L20
A17: AUD | P17: L19
A18: PERF | P18: L18
A19: CI
A20: CHG | F20: L21 | J20: L25 | K20: L26 | T20: L22
A21: WARN
A22: REC
A23: DOC
A24: RES | I24: L10 | W24: L31 | X24: L30
A25: COM | B25: L28
A26: CRM
A27: CORE | V27: L27

Sheet 온톨로지맵
A1: 온톨로지 맵 V2 — 22개 프로세스와 31개 연결
A2: 그림 파일: outputs/BCMS_온톨로지맵_V2.png · 선 모양 = 증거유형(실선 E1 / 파선 E2 / 점선 E3)

Sheet 문항
A1: 문항은행 108문항 (연결 93 + 종합 6 + 검증 9)
A2: 연결 문항은 모두 "연구자 문항화"이며, 연결의 근거는 연결 시트의 인용을 따른다. 전문가 6인의 적합도(1~4)를 L~Q열에 입력.
A4: 문항ID | B4: 파트 | C4: 영역 | D4: 연결ID | E4: 연결(S→T) | F4: 상태 | G4: 문항 | H4: 증거유형 | I4: 역문항 | J4: 응답입력 열 | K4: 근거 구분 | L4: 전문가1 | M4: 전문가2 | N4: 전문가3 | O4: 전문가4 | P4: 전문가5 | Q4: 전문가6 | R4: I-CVI | S4: 판정
A5: L01-R | B5: C 연결 | C5: ① 요구·분석 | D5: L01 | E5: =IFERROR(INDEX(연결!$C$5:$C$35,MATCH(D5,연결!$A$5:$A$35,0)),"") -> REQ 요구사항관리 → BIA BIA·중요도 분석 | F5: 반영 | G5: 요구사항관리에서 정리한 법규·규제·계약상 요구사항이 BIA의 우선순위와 복구목표 설정에 실제로 사용된다. | H5: =IFERROR(INDEX(연결!$G$5:$G$35,MATCH(D5,연결!$A$5:$A$35,0)),"") -> E1 | J5: AH | K5: 연구자 의견(문항화) | R5: =IFERROR(COUNTIF(L5:Q5,">=3")/COUNT(L5:Q5),"") | S5: =IF(R5="","",IF(R5>=검증!$B$4,"채택","수정·토론"))
A6: L01-V | B6: C 연결 | C6: ① 요구·분석 | D6: L01 | E6: =IFERROR(INDEX(연결!$C$5:$C$35,MATCH(D6,연결!$A$5:$A$35,0)),"") -> REQ 요구사항관리 → BIA BIA·중요도 분석 | F6: 확인 | G6: BIA 결과가 요구사항을 빠짐없이 반영했는지 검토 또는 점검 기록으로 확인한다. | H6: =IFERROR(INDEX(연결!$G$5:$G$35,MATCH(D6,연결!$A$5:$A$35,0)),"") -> E1 | J6: AI | K6: 연구자 의견(문항화) | R6: =IFERROR(COUNTIF(L6:Q6,">=3")/COUNT(L6:Q6),"") | S6: =IF(R6="","",IF(R6>=검증!$B$4,"채택","수정·토론"))
A7: L01-U | B7: C 연결 | C7: ① 요구·분석 | D7: L01 | E7: =IFERROR(INDEX(연결!$C$5:$C$35,MATCH(D7,연결!$A$5:$A$35,0)),"") -> REQ 요구사항관리 → BIA BIA·중요도 분석 | F7: 갱신 | G7: 요구사항이 바뀌면 BIA 결과를 다시 검토하고 필요하면 고친다. | H7: =IFERROR(INDEX(연결!$G$5:$G$35,MATCH(D7,연결!$A$5:$A$35,0)),"") -> E1 | J7: AJ | K7: 연구자 의견(문항화) | R7: =IFERROR(COUNTIF(L7:Q7,">=3")/COUNT(L7:Q7),"") | S7: =IF(R7="","",IF(R7>=검증!$B$4,"채택","수정·토론"))
A8: L02-R | B8: C 연결 | C8: ① 요구·분석 | D8: L02 | E8: =IFERROR(INDEX(연결!$C$5:$C$35,MATCH(D8,연결!$A$5:$A$35,0)),"") -> REQ 요구사항관리 → RA 리스크평가 | F8: 반영 | G8: 요구사항이 리스크평가의 범위와 평가 기준에 실제로 사용된다. | H8: =IFERROR(INDEX(연결!$G$5:$G$35,MATCH(D8,연결!$A$5:$A$35,0)),"") -> E1 | J8: AK | K8: 연구자 의견(문항화) | R8: =IFERROR(COUNTIF(L8:Q8,">=3")/COUNT(L8:Q8),"") | S8: =IF(R8="","",IF(R8>=검증!$B$4,"채택","수정·토론"))
A9: L02-V | B9: C 연결 | C9: ① 요구·분석 | D9: L02 | E9: =IFERROR(INDEX(연결!$C$5:$C$35,MATCH(D9,연결!$A$5:$A$35,0)),"") -> REQ 요구사항관리 → RA 리스크평가 | F9: 확인 | G9: 리스크평가가 관련 요구사항을 고려했는지 확인하는 절차가 있다. | H9: =IFERROR(INDEX(연결!$G$5:$G$35,MATCH(D9,연결!$A$5:$A$35,0)),"") -> E1 | J9: AL | K9: 연구자 의견(문항화) | R9: =IFERROR(COUNTIF(L9:Q9,">=3")/COUNT(L9:Q9),"") | S9: =IF(R9="","",IF(R9>=검증!$B$4,"채택","수정·토론"))
A10: L02-U | B10: C 연결 | C10: ① 요구·분석 | D10: L02 | E10: =IFERROR(INDEX(연결!$C$5:$C$35,MATCH(D10,연결!$A$5:$A$35,0)),"") -> REQ 요구사항관리 → RA 리스크평가 | F10: 갱신 | G10: 요구사항이 바뀌면 리스크평가 기준이나 결과를 다시 검토하고 고친다. | H10: =IFERROR(INDEX(연결!$G$5:$G$35,MATCH(D10,연결!$A$5:$A$35,0)),"") -> E1 | J10: AM | K10: 연구자 의견(문항화) | R10: =IFERROR(COUNTIF(L10:Q10,">=3")/COUNT(L10:Q10),"") | S10: =IF(R10="","",IF(R10>=검증!$B$4,"채택","수정·토론"))
A11: L03-R | B11: C 연결 | C11: ① 요구·분석 | D11: L03 | E11: =IFERROR(INDEX(연결!$C$5:$C$35,MATCH(D11,연결!$A$5:$A$35,0)),"") -> BIA BIA·중요도 분석 → RA 리스크평가 | F11: 반영 | G11: 리스크평가는 BIA에서 정한 핵심 제품·서비스·활동의 우선순위를 출발점으로 한다. | H11: =IFERROR(INDEX(연결!$G$5:$G$35,MATCH(D11,연결!$A$5:$A$35,0)),"") -> E1 | J11: AN | K11: 연구자 의견(문항화) | R11: =IFERROR(COUNTIF(L11:Q11,">=3")/COUNT(L11:Q11),"") | S11: =IF(R11="","",IF(R11>=검증!$B$4,"채택","수정·토론"))
A12: L03-V | B12: C 연결 | C12: ① 요구·분석 | D12: L03 | E12: =IFERROR(INDEX(연결!$C$5:$C$35,MATCH(D12,연결!$A$5:$A$35,0)),"") -> BIA BIA·중요도 분석 → RA 리스크평가 | F12: 확인 | G12: 리스크평가 대상이 BIA 결과와 일치하는지 대조하여 확인한다. | H12: =IFERROR(INDEX(연결!$G$5:$G$35,MATCH(D12,연결!$A$5:$A$35,0)),"") -> E1 | J12: AO | K12: 연구자 의견(문항화) | R12: =IFERROR(COUNTIF(L12:Q12,">=3")/COUNT(L12:Q12),"") | S12: =IF(R12="","",IF(R12>=검증!$B$4,"채택","수정·토론"))
A13: L03-U | B13: C 연결 | C13: ① 요구·분석 | D13: L03 | E13: =IFERROR(INDEX(연결!$C$5:$C$35,MATCH(D13,연결!$A$5:$A$35,0)),"") -> BIA BIA·중요도 분석 → RA 리스크평가 | F13: 갱신 | G13: BIA 결과가 바뀌면 리스크평가 결과(리스크 목록)를 다시 검토하고 고친다. | H13: =IFERROR(INDEX(연결!$G$5:$G$35,MATCH(D13,연결!$A$5:$A$35,0)),"") -> E1 | J13: AP | K13: 연구자 의견(문항화) | R13: =IFERROR(COUNTIF(L13:Q13,">=3")/COUNT(L13:Q13),"") | S13: =IF(R13="","",IF(R13>=검증!$B$4,"채택","수정·토론"))
A14: L04-R | B14: C 연결 | C14: ① 요구·분석 | D14: L04 | E14: =IFERROR(INDEX(연결!$C$5:$C$35,MATCH(D14,연결!$A$5:$A$35,0)),"") -> REQ 요구사항관리 → AUD 내부감사 | F14: 반영 | G14: 내부감사의 점검 기준에 BC 관련 요구사항이 포함된다. | H14: =IFERROR(INDEX(연결!$G$5:$G$35,MATCH(D14,연결!$A$5:$A$35,0)),"") -> E1 | J14: AQ | K14: 연구자 의견(문항화) | R14: =IFERROR(COUNTIF(L14:Q14,">=3")/COUNT(L14:Q14),"") | S14: =IF(R14="","",IF(R14>=검증!$B$4,"채택","수정·토론"))
A15: L04-V | B15: C 연결 | C15: ① 요구·분석 | D15: L04 | E15: =IFERROR(INDEX(연결!$C$5:$C$35,MATCH(D15,연결!$A$5:$A$35,0)),"") -> REQ 요구사항관리 → AUD 내부감사 | F15: 확인 | G15: 감사에서 요구사항 충족 여부를 항목별로 확인하고 기록한다. | H15: =IFERROR(INDEX(연결!$G$5:$G$35,MATCH(D15,연결!$A$5:$A$35,0)),"") -> E1 | J15: AR | K15: 연구자 의견(문항화) | R15: =IFERROR(COUNTIF(L15:Q15,">=3")/COUNT(L15:Q15),"") | S15: =IF(R15="","",IF(R15>=검증!$B$4,"채택","수정·토론"))
A16: L04-U | B16: C 연결 | C16: ① 요구·분석 | D16: L04 | E16: =IFERROR(INDEX(연결!$C$5:$C$35,MATCH(D16,연결!$A$5:$A$35,0)),"") -> REQ 요구사항관리 → AUD 내부감사 | F16: 갱신 | G16: 요구사항이 바뀌면 감사 기준과 점검표를 다시 검토하고 고친다. | H16: =IFERROR(INDEX(연결!$G$5:$G$35,MATCH(D16,연결!$A$5:$A$35,0)),"") -> E1 | J16: AS | K16: 연구자 의견(문항화) | R16: =IFERROR(COUNTIF(L16:Q16,">=3")/COUNT(L16:Q16),"") | S16: =IF(R16="","",IF(R16>=검증!$B$4,"채택","수정·토론"))
... A97: L31-U | B97: C 연결 | C97: ⑤ 거버넌스·이해관계자 | D97: L31 | E97: =IFERROR(INDEX(연결!$C$5:$C$35,MATCH(D97,연결!$A$5:$A$35,0)),"") -> RES 자원관리 → CRM 고객관계관리 | F97: 갱신 | G97: 자원 사용 현황이 바뀌면 고객관계관리에 제공하는 보고를 다시 검토하고 고친다. | H97: =IFERROR(INDEX(연결!$G$5:$G$35,MATCH(D97,연결!$A$5:$A$35,0)),"") -> E1 | J97: DV | K97: 연구자 의견(문항화) | R97: =IFERROR(COUNTIF(L97:Q97,">=3")/COUNT(L97:Q97),"") | S97: =IF(R97="","",IF(R97>=검증!$B$4,"채택","수정·토론"))
A98: G01 | B98: D 종합 | C98: 종합 | E98: =IFERROR(INDEX(연결!$C$5:$C$35,MATCH(D98,연결!$A$5:$A$35,0)),"") | F98: 종합 | G98: 우리 조직의 BC 프로세스들은 서로의 산출물을 입력으로 사용하며 연결되어 있다. | H98: =IFERROR(INDEX(연결!$G$5:$G$35,MATCH(D98,연결!$A$5:$A$35,0)),"") | J98: DW | K98: 인용 근거 + 연구자 문항화 · 인용 A01 / B01 | R98: =IFERROR(COUNTIF(L98:Q98,">=3")/COUNT(L98:Q98),"") | S98: =IF(R98="","",IF(R98>=검증!$B$4,"채택","수정·토론"))
A99: G02 | B99: D 종합 | C99: 종합 | E99: =IFERROR(INDEX(연결!$C$5:$C$35,MATCH(D99,연결!$A$5:$A$35,0)),"") | F99: 종합 | G99: 한 BC 프로세스를 바꾸면 영향을 받는 다른 프로세스가 무엇인지 알 수 있다. | H99: =IFERROR(INDEX(연결!$G$5:$G$35,MATCH(D99,연결!$A$5:$A$35,0)),"") | J99: DX | K99: 연구자 의견(문항) / ISO 22301 4.4의 상호작용 고려를 참고 · 인용 A04 | R99: =IFERROR(COUNTIF(L99:Q99,">=3")/COUNT(L99:Q99),"") | S99: =IF(R99="","",IF(R99>=검증!$B$4,"채택","수정·토론"))
A100: G03 | B100: D 종합 | C100: 종합 | E100: =IFERROR(INDEX(연결!$C$5:$C$35,MATCH(D100,연결!$A$5:$A$35,0)),"") | F100: 종합 | G100: 프로세스 간에 "누가 누구에게 무엇을 전달하는지"가 문서로 정리되어 있다. | H100: =IFERROR(INDEX(연결!$G$5:$G$35,MATCH(D100,연결!$A$5:$A$35,0)),"") | J100: DY | K100: 인용 근거 + 연구자 문항화 · 인용 A03 / A02 | R100: =IFERROR(COUNTIF(L100:Q100,">=3")/COUNT(L100:Q100),"") | S100: =IF(R100="","",IF(R100>=검증!$B$4,"채택","수정·토론"))
A101: G04 | B101: D 종합 | C101: 종합 | E101: =IFERROR(INDEX(연결!$C$5:$C$35,MATCH(D101,연결!$A$5:$A$35,0)),"") | F101: 종합 | G101: BC 관리자(또는 그에 준하는 담당자)가 프로세스 간 연결 상태를 총괄하여 점검한다. | H101: =IFERROR(INDEX(연결!$G$5:$G$35,MATCH(D101,연결!$A$5:$A$35,0)),"") | J101: DZ | K101: 인용 근거 + 연구자 문항화 · 인용 A10 | R101: =IFERROR(COUNTIF(L101:Q101,">=3")/COUNT(L101:Q101),"") | S101: =IF(R101="","",IF(R101>=검증!$B$4,"채택","수정·토론"))
A102: G05 | B102: D 종합 | C102: 종합 | E102: =IFERROR(INDEX(연결!$C$5:$C$35,MATCH(D102,연결!$A$5:$A$35,0)),"") | F102: 종합 | G102: 프로세스 간 연결이 끊어졌거나 약한 지점을 파악하여 조치한다. | H102: =IFERROR(INDEX(연결!$G$5:$G$35,MATCH(D102,연결!$A$5:$A$35,0)),"") | J102: EA | K102: 연구자 의견(근거 인용 없음) | R102: =IFERROR(COUNTIF(L102:Q102,">=3")/COUNT(L102:Q102),"") | S102: =IF(R102="","",IF(R102>=검증!$B$4,"채택","수정·토론"))
A103: G06 | B103: D 종합 | C103: 종합 | E103: =IFERROR(INDEX(연결!$C$5:$C$35,MATCH(D103,연결!$A$5:$A$35,0)),"") | F103: 종합 | G103: 프로세스 간 연결은 일회성 프로젝트가 아니라 정기적으로 반복되는 운영 활동으로 유지된다. | H103: =IFERROR(INDEX(연결!$G$5:$G$35,MATCH(D103,연결!$A$5:$A$35,0)),"") | J103: EB | K103: 인용 근거 + 연구자 문항화 · 인용 A09 | R103: =IFERROR(COUNTIF(L103:Q103,">=3")/COUNT(L103:Q103),"") | S103: =IF(R103="","",IF(R103>=검증!$B$4,"채택","수정·토론"))
A104: RV1 | B104: E 검증(역문항) | C104: 검증 | E104: =IFERROR(INDEX(연결!$C$5:$C$35,MATCH(D104,연결!$A$5:$A$35,0)),"") | F104: 역문항(G01 대응) | G104: 우리 조직의 BC 프로세스는 대부분 다른 프로세스와 별개로 독립적으로 수행된다. | H104: =IFERROR(INDEX(연결!$G$5:$G$35,MATCH(D104,연결!$A$5:$A$35,0)),"") | I104: Y | J104: EC | K104: 연구자 의견(검증용 문항) | R104: =IFERROR(COUNTIF(L104:Q104,">=3")/COUNT(L104:Q104),"") | S104: =IF(R104="","",IF(R104>=검증!$B$4,"채택","수정·토론"))
A105: RV2 | B105: E 검증(역문항) | C105: 검증 | E105: =IFERROR(INDEX(연결!$C$5:$C$35,MATCH(D105,연결!$A$5:$A$35,0)),"") | F105: 역문항(L01~L03 대응) | G105: 한 프로세스의 결과물이 만들어진 뒤 다른 프로세스에서 참조되지 않는 경우가 많다. | H105: =IFERROR(INDEX(연결!$G$5:$G$35,MATCH(D105,연결!$A$5:$A$35,0)),"") | I105: Y | J105: ED | K105: 연구자 의견(검증용 문항) | R105: =IFERROR(COUNTIF(L105:Q105,">=3")/COUNT(L105:Q105),"") | S105: =IF(R105="","",IF(R105>=검증!$B$4,"채택","수정·토론"))
A106: RV3 | B106: E 검증(역문항) | C106: 검증 | E106: =IFERROR(INDEX(연결!$C$5:$C$35,MATCH(D106,연결!$A$5:$A$35,0)),"") | F106: 역문항(L22 대응) | G106: 문서가 개정되어도 관련 프로세스 담당자에게는 따로 알리지 않는 경우가 많다. | H106: =IFERROR(INDEX(연결!$G$5:$G$35,MATCH(D106,연결!$A$5:$A$35,0)),"") | I106: Y | J106: EE | K106: 연구자 의견(검증용 문항) | R106: =IFERROR(COUNTIF(L106:Q106,">=3")/COUNT(L106:Q106),"") | S106: =IF(R106="","",IF(R106>=검증!$B$4,"채택","수정·토론"))
A107: RV4 | B107: E 검증(역문항) | C107: 검증 | E107: =IFERROR(INDEX(연결!$C$5:$C$35,MATCH(D107,연결!$A$5:$A$35,0)),"") | F107: 역문항(L16 대응) | G107: 연습 결과가 BC 계획·절차 개정으로 이어지지 않는 경우가 많다. | H107: =IFERROR(INDEX(연결!$G$5:$G$35,MATCH(D107,연결!$A$5:$A$35,0)),"") | I107: Y | J107: EF | K107: 연구자 의견(검증용 문항) | R107: =IFERROR(COUNTIF(L107:Q107,">=3")/COUNT(L107:Q107),"") | S107: =IF(R107="","",IF(R107>=검증!$B$4,"채택","수정·토론"))
A108: AC1 | B108: E 검증(주의확인) | C108: 검증 | E108: =IFERROR(INDEX(연결!$C$5:$C$35,MATCH(D108,연결!$A$5:$A$35,0)),"") | F108: 주의확인 | G108: 이 문항에서는 응답 4번을 선택해 주십시오. | H108: =IFERROR(INDEX(연결!$G$5:$G$35,MATCH(D108,연결!$A$5:$A$35,0)),"") | J108: EG | K108: 연구자 의견(검증용 문항) | R108: =IFERROR(COUNTIF(L108:Q108,">=3")/COUNT(L108:Q108),"") | S108: =IF(R108="","",IF(R108>=검증!$B$4,"채택","수정·토론"))
A109: CR1 | B109: E 검증(준거) | C109: 검증 | E109: =IFERROR(INDEX(연결!$C$5:$C$35,MATCH(D109,연결!$A$5:$A$35,0)),"") | F109: 준거 | G109: 중단 사건이 발생해도 우리 조직의 BCMS가 효과적으로 대응할 수 있다고 확신한다. | H109: =IFERROR(INDEX(연결!$G$5:$G$35,MATCH(D109,연결!$A$5:$A$35,0)),"") | J109: EH | K109: 연구자 의견(검증용 문항) | R109: =IFERROR(COUNTIF(L109:Q109,">=3")/COUNT(L109:Q109),"") | S109: =IF(R109="","",IF(R109>=검증!$B$4,"채택","수정·토론"))
A110: CR2 | B110: E 검증(준거) | C110: 검증 | E110: =IFERROR(INDEX(연결!$C$5:$C$35,MATCH(D110,연결!$A$5:$A$35,0)),"") | F110: 준거 | G110: 최근 사고 또는 연습에서 복구목표를 달성했다. | H110: =IFERROR(INDEX(연결!$G$5:$G$35,MATCH(D110,연결!$A$5:$A$35,0)),"") | J110: EI | K110: 연구자 의견(검증용 문항) | R110: =IFERROR(COUNTIF(L110:Q110,">=3")/COUNT(L110:Q110),"") | S110: =IF(R110="","",IF(R110>=검증!$B$4,"채택","수정·토론"))
A111: CR3 | B111: E 검증(준거) | C111: 검증 | E111: =IFERROR(INDEX(연결!$C$5:$C$35,MATCH(D111,연결!$A$5:$A$35,0)),"") | F111: 준거 | G111: BC 투자의 가치를 경영진·이해관계자에게 설명할 수 있다. | H111: =IFERROR(INDEX(연결!$G$5:$G$35,MATCH(D111,연결!$A$5:$A$35,0)),"") | J111: EJ | K111: 연구자 의견(검증용 문항) · 인용 A32 | R111: =IFERROR(COUNTIF(L111:Q111,">=3")/COUNT(L111:Q111),"") | S111: =IF(R111="","",IF(R111>=검증!$B$4,"채택","수정·토론"))
A112: CR4 | B112: E 검증(준거) | C112: 검증 | E112: =IFERROR(INDEX(연결!$C$5:$C$35,MATCH(D112,연결!$A$5:$A$35,0)),"") | F112: 준거(역) | G112: 감사나 경영진 검토에서 같은 BCMS 지적사항이 반복된다. | H112: =IFERROR(INDEX(연결!$G$5:$G$35,MATCH(D112,연결!$A$5:$A$35,0)),"") | I112: Y | J112: EK | K112: 연구자 의견(검증용 문항) | R112: =IFERROR(COUNTIF(L112:Q112,">=3")/COUNT(L112:Q112),"") | S112: =IF(R112="","",IF(R112>=검증!$B$4,"채택","수정·토론"))

Sheet 보유·응답자정보
A1: Part A 응답자·조직 정보(10) / Part B 프로세스 보유 확인(22)
A2: Part B: 1 운영한다 · 2 부분적으로 운영한다 · 3 운영하지 않는다 · 4 모르겠다. 연결 문항은 출발·도착 프로세스가 모두 1·2일 때만 제시(설문 구현 시 survey/SURVEY_SPEC.md 참조).
A4: ID | B4: 구분 | C4: 항목 | D4: 응답 방식 | E4: 응답입력 열
A5: A01 | B5: Part A | C5: 업종 | D5: 자유 기재 | E5: B
A6: A02 | B6: Part A | C6: 조직 규모(임직원 수) | D6: 1~49 / 50~299 / 300~999 / 1000 이상 | E6: C
A7: A03 | B7: Part A | C7: BCMS 운영 기간 | D7: 1년 미만 / 1~3년 / 3~5년 / 5년 이상 | E7: D
A8: A04 | B8: Part A | C8: ISO 22301 인증 여부 | D8: 보유 / 준비 중 / 없음 | E8: E
A9: A05 | B9: Part A | C9: 응답자 역할 | D9: BC 관리자 / 프로세스 담당자 / 경영진 / 감사·기타 | E9: F
A10: A06 | B10: Part A | C10: BC 관련 업무 경력 | D10: 연수 | E10: G
A11: A07 | B11: Part A | C11: 최근 12개월 실제 중단 사고 경험 | D11: 없음 / 있음(횟수) | E11: H
A12: A08 | B12: Part A | C12: 최근 12개월 연습·훈련 횟수 | D12: 횟수 | E12: I
A13: A09 | B13: Part A | C13: ISMS 등 타 경영시스템과 통합 운영 여부 | D13: 통합 / 부분 / 별도 | E13: J
A14: A10 | B14: Part A | C14: BC 프로세스 문서화 정도 | D14: 전부 / 일부 / 거의 없음 | E14: K
A15: B01 | B15: Part B | C15: GOV BC 거버넌스 | D15: 1 운영 / 2 부분 / 3 미운영 / 4 모름 | E15: L
... A36: B22 | B36: Part B | C36: CRM 고객관계관리 | D36: 1 운영 / 2 부분 / 3 미운영 / 4 모름 | E36: AG

Sheet 응답입력
A1: 응답 입력 (7행부터 최대 50명)
A2: 6행은 예시(집계 제외). 연결·종합·검증 문항: 1~5 또는 9. 보유 확인: 1~4.
A4: 응답자 | B4: Part A | L4: Part B | AH4: Part C·D·E (1~5, 9)
A5: 응답자ID | B5: A01 | C5: A02 | D5: A03 | E5: A04 | F5: A05 | G5: A06 | H5: A07 | I5: A08 | J5: A09 | K5: A10 | L5: B01 | M5: B02 | N5: B03 | O5: B04 | P5: B05 | Q5: B06 | R5: B07 | S5: B08 | T5: B09 | U5: B10 | V5: B11 | W5: B12 | X5: B13 | Y5: B14 | Z5: B15 | AA5: B16 | AB5: B17 | AC5: B18 | AD5: B19 | AE5: B20 | AF5: B21 | AG5: B22 | AH5: L01-R | AI5: L01-V | AJ5: L01-U | AK5: L02-R | AL5: L02-V | AM5: L02-U | AN5: L03-R | AO5: L03-V | AP5: L03-U | AQ5: L04-R | AR5: L04-V | AS5: L04-U | AT5: L05-R | AU5: L05-V | AV5: L05-U | AW5: L06-R | AX5: L06-V | AY5: L06-U | AZ5: L07-R | BA5: L07-V | BB5: L07-U | BC5: L08-R | BD5: L08-V | BE5: L08-U | BF5: L09-R | BG5: L09-V | BH5: L09-U | BI5: L10-R | BJ5: L10-V | BK5: L10-U | BL5: L11-R | BM5: L11-V | BN5: L11-U | BO5: L12-R | BP5: L12-V | BQ5: L12-U | BR5: L13-R | BS5: L13-V | BT5: L13-U | BU5: L14-R | BV5: L14-V | BW5: L14-U | BX5: L15-R | BY5: L15-V | BZ5: L15-U | CA5: L16-R | CB5: L16-V | CC5: L16-U | CD5: L17-R | CE5: L17-V | CF5: L17-U | CG5: L18-R | CH5: L18-V | CI5: L18-U | CJ5: L19-R | CK5: L19-V | CL5: L19-U | CM5: L20-R | CN5: L20-V | CO5: L20-U | CP5: L21-R | CQ5: L21-V | CR5: L21-U | CS5: L22-R | CT5: L22-V | CU5: L22-U | CV5: L23-R | CW5: L23-V | CX5: L23-U | CY5: L24-R | CZ5: L24-V | DA5: L24-U | DB5: L25-R | DC5: L25-V | DD5: L25-U | DE5: L26-R | DF5: L26-V | DG5: L26-U | DH5: L27-R | DI5: L27-V | DJ5: L27-U | DK5: L28-R | DL5: L28-V | DM5: L28-U | DN5: L29-R | DO5: L29-V | DP5: L29-U | DQ5: L30-R | DR5: L30-V | DS5: L30-U | DT5: L31-R | DU5: L31-V | DV5: L31-U | DW5: G01 | DX5: G02 | DY5: G03 | DZ5: G04 | EA5: G05 | EB5: G06 | EC5: RV1 | ED5: RV2 | EE5: RV3 | EF5: RV4 | EG5: AC1 | EH5: CR1 | EI5: CR2 | EJ5: CR3 | EK5: CR4
A6: EX-예시 | B6: 제조업 | C6: 300~999 | D6: 3~5년 | E6: 보유 | F6: BC 관리자 | G6: 8 | H6: 1 | I6: 2 | J6: 부분 | K6: 일부 | L6: 1 | M6: 1 | N6: 1 | O6: 1 | P6: 1 | Q6: 1 | R6: 1 | S6: 1 | T6: 1 | U6: 1 | V6: 1 | W6: 1 | X6: 1 | Y6: 1 | Z6: 1 | AA6: 1 | AB6: 1 | AC6: 1 | AD6: 1 | AE6: 1 | AF6: 1 | AG6: 1 | AH6: 3 | AI6: 9 | AJ6: 4 | AK6: 4 | AL6: 3 | AM6: 4 | AN6: 3 | AO6: 5 | AP6: 4 | AQ6: 3 | AR6: 9 | AS6: 4 | AT6: 4 | AU6: 3 | AV6: 4 | AW6: 3 | AX6: 5 | AY6: 4 | AZ6: 3 | BA6: 9 | BB6: 4 | BC6: 4 | BD6: 3 | BE6: 4 | BF6: 3 | BG6: 5 | BH6: 4 | BI6: 3 | BJ6: 9 | BK6: 4 | BL6: 4 | BM6: 3 | BN6: 4 | BO6: 3 | BP6: 5 | BQ6: 4 | BR6: 3 | BS6: 9 | BT6: 4 | BU6: 4 | BV6: 3 | BW6: 4 | BX6: 3 | BY6: 5 | BZ6: 4 | CA6: 3 | CB6: 9 | CC6: 4 | CD6: 4 | CE6: 3 | CF6: 4 | CG6: 3 | CH6: 5 | CI6: 4 | CJ6: 3 | CK6: 9 | CL6: 4 | CM6: 4 | CN6: 3 | CO6: 4 | CP6: 3 | CQ6: 5 | CR6: 4 | CS6: 3 | CT6: 9 | CU6: 4 | CV6: 4 | CW6: 3 | CX6: 4 | CY6: 3 | CZ6: 5 | DA6: 4 | DB6: 3 | DC6: 9 | DD6: 4 | DE6: 4 | DF6: 3 | DG6: 4 | DH6: 3 | DI6: 5 | DJ6: 4 | DK6: 3 | DL6: 9 | DM6: 4 | DN6: 4 | DO6: 3 | DP6: 4 | DQ6: 3 | DR6: 5 | DS6: 4 | DT6: 3 | DU6: 9 | DV6: 4 | DW6: 4 | DX6: 3 | DY6: 4 | DZ6: 3 | EA6: 5 | EB6: 4 | EC6: 3 | ED6: 9 | EE6: 4 | EF6: 4 | EG6: 3 | EH6: 4 | EI6: 3 | EJ6: 5 | EK6: 4

Sheet 연결점수
A1: 응답자별 연결 점수 (R·V·U 3문항 평균, 9 제외, 최소 2문항 응답 시 산출)
A5: 응답자ID | B5: L01 | C5: L02 | D5: L03 | E5: L04 | F5: L05 | G5: L06 | H5: L07 | I5: L08 | J5: L09 | K5: L10 | L5: L11 | M5: L12 | N5: L13 | O5: L14 | P5: L15 | Q5: L16 | R5: L17 | S5: L18 | T5: L19 | U5: L20 | V5: L21 | W5: L22 | X5: L23 | Y5: L24 | Z5: L25 | AA5: L26 | AB5: L27 | AC5: L28 | AD5: L29 | AE5: L30 | AF5: L31 | AG5: 종합 연결 지수
A6: =IF(응답입력!A7="","",응답입력!A7) | B6: =IF(COUNTIF(응답입력!AH7:AJ7,"<9")>=2,AVERAGEIF(응답입력!AH7:AJ7,"<9"),"") | C6: =IF(COUNTIF(응답입력!AK7:AM7,"<9")>=2,AVERAGEIF(응답입력!AK7:AM7,"<9"),"") | D6: =IF(COUNTIF(응답입력!AN7:AP7,"<9")>=2,AVERAGEIF(응답입력!AN7:AP7,"<9"),"") | E6: =IF(COUNTIF(응답입력!AQ7:AS7,"<9")>=2,AVERAGEIF(응답입력!AQ7:AS7,"<9"),"") | F6: =IF(COUNTIF(응답입력!AT7:AV7,"<9")>=2,AVERAGEIF(응답입력!AT7:AV7,"<9"),"") | G6: =IF(COUNTIF(응답입력!AW7:AY7,"<9")>=2,AVERAGEIF(응답입력!AW7:AY7,"<9"),"") | H6: =IF(COUNTIF(응답입력!AZ7:BB7,"<9")>=2,AVERAGEIF(응답입력!AZ7:BB7,"<9"),"") | I6: =IF(COUNTIF(응답입력!BC7:BE7,"<9")>=2,AVERAGEIF(응답입력!BC7:BE7,"<9"),"") | J6: =IF(COUNTIF(응답입력!BF7:BH7,"<9")>=2,AVERAGEIF(응답입력!BF7:BH7,"<9"),"") | K6: =IF(COUNTIF(응답입력!BI7:BK7,"<9")>=2,AVERAGEIF(응답입력!BI7:BK7,"<9"),"") | L6: =IF(COUNTIF(응답입력!BL7:BN7,"<9")>=2,AVERAGEIF(응답입력!BL7:BN7,"<9"),"") | M6: =IF(COUNTIF(응답입력!BO7:BQ7,"<9")>=2,AVERAGEIF(응답입력!BO7:BQ7,"<9"),"") | N6: =IF(COUNTIF(응답입력!BR7:BT7,"<9")>=2,AVERAGEIF(응답입력!BR7:BT7,"<9"),"") | O6: =IF(COUNTIF(응답입력!BU7:BW7,"<9")>=2,AVERAGEIF(응답입력!BU7:BW7,"<9"),"") | P6: =IF(COUNTIF(응답입력!BX7:BZ7,"<9")>=2,AVERAGEIF(응답입력!BX7:BZ7,"<9"),"") | Q6: =IF(COUNTIF(응답입력!CA7:CC7,"<9")>=2,AVERAGEIF(응답입력!CA7:CC7,"<9"),"") | R6: =IF(COUNTIF(응답입력!CD7:CF7,"<9")>=2,AVERAGEIF(응답입력!CD7:CF7,"<9"),"") | S6: =IF(COUNTIF(응답입력!CG7:CI7,"<9")>=2,AVERAGEIF(응답입력!CG7:CI7,"<9"),"") | T6: =IF(COUNTIF(응답입력!CJ7:CL7,"<9")>=2,AVERAGEIF(응답입력!CJ7:CL7,"<9"),"") | U6: =IF(COUNTIF(응답입력!CM7:CO7,"<9")>=2,AVERAGEIF(응답입력!CM7:CO7,"<9"),"") | V6: =IF(COUNTIF(응답입력!CP7:CR7,"<9")>=2,AVERAGEIF(응답입력!CP7:CR7,"<9"),"") | W6: =IF(COUNTIF(응답입력!CS7:CU7,"<9")>=2,AVERAGEIF(응답입력!CS7:CU7,"<9"),"") | X6: =IF(COUNTIF(응답입력!CV7:CX7,"<9")>=2,AVERAGEIF(응답입력!CV7:CX7,"<9"),"") | Y6: =IF(COUNTIF(응답입력!CY7:DA7,"<9")>=2,AVERAGEIF(응답입력!CY7:DA7,"<9"),"") | Z6: =IF(COUNTIF(응답입력!DB7:DD7,"<9")>=2,AVERAGEIF(응답입력!DB7:DD7,"<9"),"") | AA6: =IF(COUNTIF(응답입력!DE7:DG7,"<9")>=2,AVERAGEIF(응답입력!DE7:DG7,"<9"),"") | AB6: =IF(COUNTIF(응답입력!DH7:DJ7,"<9")>=2,AVERAGEIF(응답입력!DH7:DJ7,"<9"),"") | AC6: =IF(COUNTIF(응답입력!DK7:DM7,"<9")>=2,AVERAGEIF(응답입력!DK7:DM7,"<9"),"") | AD6: =IF(COUNTIF(응답입력!DN7:DP7,"<9")>=2,AVERAGEIF(응답입력!DN7:DP7,"<9"),"") | AE6: =IF(COUNTIF(응답입력!DQ7:DS7,"<9")>=2,AVERAGEIF(응답입력!DQ7:DS7,"<9"),"") | AF6: =IF(COUNTIF(응답입력!DT7:DV7,"<9")>=2,AVERAGEIF(응답입력!DT7:DV7,"<9"),"") | AG6: =IFERROR(AVERAGE(B6:AF6),"")
A7: =IF(응답입력!A8="","",응답입력!A8) | B7: =IF(COUNTIF(응답입력!AH8:AJ8,"<9")>=2,AVERAGEIF(응답입력!AH8:AJ8,"<9"),"") | C7: =IF(COUNTIF(응답입력!AK8:AM8,"<9")>=2,AVERAGEIF(응답입력!AK8:AM8,"<9"),"") | D7: =IF(COUNTIF(응답입력!AN8:AP8,"<9")>=2,AVERAGEIF(응답입력!AN8:AP8,"<9"),"") | E7: =IF(COUNTIF(응답입력!AQ8:AS8,"<9")>=2,AVERAGEIF(응답입력!AQ8:AS8,"<9"),"") | F7: =IF(COUNTIF(응답입력!AT8:AV8,"<9")>=2,AVERAGEIF(응답입력!AT8:AV8,"<9"),"") | G7: =IF(COUNTIF(응답입력!AW8:AY8,"<9")>=2,AVERAGEIF(응답입력!AW8:AY8,"<9"),"") | H7: =IF(COUNTIF(응답입력!AZ8:BB8,"<9")>=2,AVERAGEIF(응답입력!AZ8:BB8,"<9"),"") | I7: =IF(COUNTIF(응답입력!BC8:BE8,"<9")>=2,AVERAGEIF(응답입력!BC8:BE8,"<9"),"") | J7: =IF(COUNTIF(응답입력!BF8:BH8,"<9")>=2,AVERAGEIF(응답입력!BF8:BH8,"<9"),"") | K7: =IF(COUNTIF(응답입력!BI8:BK8,"<9")>=2,AVERAGEIF(응답입력!BI8:BK8,"<9"),"") | L7: =IF(COUNTIF(응답입력!BL8:BN8,"<9")>=2,AVERAGEIF(응답입력!BL8:BN8,"<9"),"") | M7: =IF(COUNTIF(응답입력!BO8:BQ8,"<9")>=2,AVERAGEIF(응답입력!BO8:BQ8,"<9"),"") | N7: =IF(COUNTIF(응답입력!BR8:BT8,"<9")>=2,AVERAGEIF(응답입력!BR8:BT8,"<9"),"") | O7: =IF(COUNTIF(응답입력!BU8:BW8,"<9")>=2,AVERAGEIF(응답입력!BU8:BW8,"<9"),"") | P7: =IF(COUNTIF(응답입력!BX8:BZ8,"<9")>=2,AVERAGEIF(응답입력!BX8:BZ8,"<9"),"") | Q7: =IF(COUNTIF(응답입력!CA8:CC8,"<9")>=2,AVERAGEIF(응답입력!CA8:CC8,"<9"),"") | R7: =IF(COUNTIF(응답입력!CD8:CF8,"<9")>=2,AVERAGEIF(응답입력!CD8:CF8,"<9"),"") | S7: =IF(COUNTIF(응답입력!CG8:CI8,"<9")>=2,AVERAGEIF(응답입력!CG8:CI8,"<9"),"") | T7: =IF(COUNTIF(응답입력!CJ8:CL8,"<9")>=2,AVERAGEIF(응답입력!CJ8:CL8,"<9"),"") | U7: =IF(COUNTIF(응답입력!CM8:CO8,"<9")>=2,AVERAGEIF(응답입력!CM8:CO8,"<9"),"") | V7: =IF(COUNTIF(응답입력!CP8:CR8,"<9")>=2,AVERAGEIF(응답입력!CP8:CR8,"<9"),"") | W7: =IF(COUNTIF(응답입력!CS8:CU8,"<9")>=2,AVERAGEIF(응답입력!CS8:CU8,"<9"),"") | X7: =IF(COUNTIF(응답입력!CV8:CX8,"<9")>=2,AVERAGEIF(응답입력!CV8:CX8,"<9"),"") | Y7: =IF(COUNTIF(응답입력!CY8:DA8,"<9")>=2,AVERAGEIF(응답입력!CY8:DA8,"<9"),"") | Z7: =IF(COUNTIF(응답입력!DB8:DD8,"<9")>=2,AVERAGEIF(응답입력!DB8:DD8,"<9"),"") | AA7: =IF(COUNTIF(응답입력!DE8:DG8,"<9")>=2,AVERAGEIF(응답입력!DE8:DG8,"<9"),"") | AB7: =IF(COUNTIF(응답입력!DH8:DJ8,"<9")>=2,AVERAGEIF(응답입력!DH8:DJ8,"<9"),"") | AC7: =IF(COUNTIF(응답입력!DK8:DM8,"<9")>=2,AVERAGEIF(응답입력!DK8:DM8,"<9"),"") | AD7: =IF(COUNTIF(응답입력!DN8:DP8,"<9")>=2,AVERAGEIF(응답입력!DN8:DP8,"<9"),"") | AE7: =IF(COUNTIF(응답입력!DQ8:DS8,"<9")>=2,AVERAGEIF(응답입력!DQ8:DS8,"<9"),"") | AF7: =IF(COUNTIF(응답입력!DT8:DV8,"<9")>=2,AVERAGEIF(응답입력!DT8:DV8,"<9"),"") | AG7: =IFERROR(AVERAGE(B7:AF7),"")
A8: =IF(응답입력!A9="","",응답입력!A9) | B8: =IF(COUNTIF(응답입력!AH9:AJ9,"<9")>=2,AVERAGEIF(응답입력!AH9:AJ9,"<9"),"") | C8: =IF(COUNTIF(응답입력!AK9:AM9,"<9")>=2,AVERAGEIF(응답입력!AK9:AM9,"<9"),"") | D8: =IF(COUNTIF(응답입력!AN9:AP9,"<9")>=2,AVERAGEIF(응답입력!AN9:AP9,"<9"),"") | E8: =IF(COUNTIF(응답입력!AQ9:AS9,"<9")>=2,AVERAGEIF(응답입력!AQ9:AS9,"<9"),"") | F8: =IF(COUNTIF(응답입력!AT9:AV9,"<9")>=2,AVERAGEIF(응답입력!AT9:AV9,"<9"),"") | G8: =IF(COUNTIF(응답입력!AW9:AY9,"<9")>=2,AVERAGEIF(응답입력!AW9:AY9,"<9"),"") | H8: =IF(COUNTIF(응답입력!AZ9:BB9,"<9")>=2,AVERAGEIF(응답입력!AZ9:BB9,"<9"),"") | I8: =IF(COUNTIF(응답입력!BC9:BE9,"<9")>=2,AVERAGEIF(응답입력!BC9:BE9,"<9"),"") | J8: =IF(COUNTIF(응답입력!BF9:BH9,"<9")>=2,AVERAGEIF(응답입력!BF9:BH9,"<9"),"") | K8: =IF(COUNTIF(응답입력!BI9:BK9,"<9")>=2,AVERAGEIF(응답입력!BI9:BK9,"<9"),"") | L8: =IF(COUNTIF(응답입력!BL9:BN9,"<9")>=2,AVERAGEIF(응답입력!BL9:BN9,"<9"),"") | M8: =IF(COUNTIF(응답입력!BO9:BQ9,"<9")>=2,AVERAGEIF(응답입력!BO9:BQ9,"<9"),"") | N8: =IF(COUNTIF(응답입력!BR9:BT9,"<9")>=2,AVERAGEIF(응답입력!BR9:BT9,"<9"),"") | O8: =IF(COUNTIF(응답입력!BU9:BW9,"<9")>=2,AVERAGEIF(응답입력!BU9:BW9,"<9"),"") | P8: =IF(COUNTIF(응답입력!BX9:BZ9,"<9")>=2,AVERAGEIF(응답입력!BX9:BZ9,"<9"),"") | Q8: =IF(COUNTIF(응답입력!CA9:CC9,"<9")>=2,AVERAGEIF(응답입력!CA9:CC9,"<9"),"") | R8: =IF(COUNTIF(응답입력!CD9:CF9,"<9")>=2,AVERAGEIF(응답입력!CD9:CF9,"<9"),"") | S8: =IF(COUNTIF(응답입력!CG9:CI9,"<9")>=2,AVERAGEIF(응답입력!CG9:CI9,"<9"),"") | T8: =IF(COUNTIF(응답입력!CJ9:CL9,"<9")>=2,AVERAGEIF(응답입력!CJ9:CL9,"<9"),"") | U8: =IF(COUNTIF(응답입력!CM9:CO9,"<9")>=2,AVERAGEIF(응답입력!CM9:CO9,"<9"),"") | V8: =IF(COUNTIF(응답입력!CP9:CR9,"<9")>=2,AVERAGEIF(응답입력!CP9:CR9,"<9"),"") | W8: =IF(COUNTIF(응답입력!CS9:CU9,"<9")>=2,AVERAGEIF(응답입력!CS9:CU9,"<9"),"") | X8: =IF(COUNTIF(응답입력!CV9:CX9,"<9")>=2,AVERAGEIF(응답입력!CV9:CX9,"<9"),"") | Y8: =IF(COUNTIF(응답입력!CY9:DA9,"<9")>=2,AVERAGEIF(응답입력!CY9:DA9,"<9"),"") | Z8: =IF(COUNTIF(응답입력!DB9:DD9,"<9")>=2,AVERAGEIF(응답입력!DB9:DD9,"<9"),"") | AA8: =IF(COUNTIF(응답입력!DE9:DG9,"<9")>=2,AVERAGEIF(응답입력!DE9:DG9,"<9"),"") | AB8: =IF(COUNTIF(응답입력!DH9:DJ9,"<9")>=2,AVERAGEIF(응답입력!DH9:DJ9,"<9"),"") | AC8: =IF(COUNTIF(응답입력!DK9:DM9,"<9")>=2,AVERAGEIF(응답입력!DK9:DM9,"<9"),"") | AD8: =IF(COUNTIF(응답입력!DN9:DP9,"<9")>=2,AVERAGEIF(응답입력!DN9:DP9,"<9"),"") | AE8: =IF(COUNTIF(응답입력!DQ9:DS9,"<9")>=2,AVERAGEIF(응답입력!DQ9:DS9,"<9"),"") | AF8: =IF(COUNTIF(응답입력!DT9:DV9,"<9")>=2,AVERAGEIF(응답입력!DT9:DV9,"<9"),"") | AG8: =IFERROR(AVERAGE(B8:AF8),"")
A9: =IF(응답입력!A10="","",응답입력!A10) | B9: =IF(COUNTIF(응답입력!AH10:AJ10,"<9")>=2,AVERAGEIF(응답입력!AH10:AJ10,"<9"),"") | C9: =IF(COUNTIF(응답입력!AK10:AM10,"<9")>=2,AVERAGEIF(응답입력!AK10:AM10,"<9"),"") | D9: =IF(COUNTIF(응답입력!AN10:AP10,"<9")>=2,AVERAGEIF(응답입력!AN10:AP10,"<9"),"") | E9: =IF(COUNTIF(응답입력!AQ10:AS10,"<9")>=2,AVERAGEIF(응답입력!AQ10:AS10,"<9"),"") | F9: =IF(COUNTIF(응답입력!AT10:AV10,"<9")>=2,AVERAGEIF(응답입력!AT10:AV10,"<9"),"") | G9: =IF(COUNTIF(응답입력!AW10:AY10,"<9")>=2,AVERAGEIF(응답입력!AW10:AY10,"<9"),"") | H9: =IF(COUNTIF(응답입력!AZ10:BB10,"<9")>=2,AVERAGEIF(응답입력!AZ10:BB10,"<9"),"") | I9: =IF(COUNTIF(응답입력!BC10:BE10,"<9")>=2,AVERAGEIF(응답입력!BC10:BE10,"<9"),"") | J9: =IF(COUNTIF(응답입력!BF10:BH10,"<9")>=2,AVERAGEIF(응답입력!BF10:BH10,"<9"),"") | K9: =IF(COUNTIF(응답입력!BI10:BK10,"<9")>=2,AVERAGEIF(응답입력!BI10:BK10,"<9"),"") | L9: =IF(COUNTIF(응답입력!BL10:BN10,"<9")>=2,AVERAGEIF(응답입력!BL10:BN10,"<9"),"") | M9: =IF(COUNTIF(응답입력!BO10:BQ10,"<9")>=2,AVERAGEIF(응답입력!BO10:BQ10,"<9"),"") | N9: =IF(COUNTIF(응답입력!BR10:BT10,"<9")>=2,AVERAGEIF(응답입력!BR10:BT10,"<9"),"") | O9: =IF(COUNTIF(응답입력!BU10:BW10,"<9")>=2,AVERAGEIF(응답입력!BU10:BW10,"<9"),"") | P9: =IF(COUNTIF(응답입력!BX10:BZ10,"<9")>=2,AVERAGEIF(응답입력!BX10:BZ10,"<9"),"") | Q9: =IF(COUNTIF(응답입력!CA10:CC10,"<9")>=2,AVERAGEIF(응답입력!CA10:CC10,"<9"),"") | R9: =IF(COUNTIF(응답입력!CD10:CF10,"<9")>=2,AVERAGEIF(응답입력!CD10:CF10,"<9"),"") | S9: =IF(COUNTIF(응답입력!CG10:CI10,"<9")>=2,AVERAGEIF(응답입력!CG10:CI10,"<9"),"") | T9: =IF(COUNTIF(응답입력!CJ10:CL10,"<9")>=2,AVERAGEIF(응답입력!CJ10:CL10,"<9"),"") | U9: =IF(COUNTIF(응답입력!CM10:CO10,"<9")>=2,AVERAGEIF(응답입력!CM10:CO10,"<9"),"") | V9: =IF(COUNTIF(응답입력!CP10:CR10,"<9")>=2,AVERAGEIF(응답입력!CP10:CR10,"<9"),"") | W9: =IF(COUNTIF(응답입력!CS10:CU10,"<9")>=2,AVERAGEIF(응답입력!CS10:CU10,"<9"),"") | X9: =IF(COUNTIF(응답입력!CV10:CX10,"<9")>=2,AVERAGEIF(응답입력!CV10:CX10,"<9"),"") | Y9: =IF(COUNTIF(응답입력!CY10:DA10,"<9")>=2,AVERAGEIF(응답입력!CY10:DA10,"<9"),"") | Z9: =IF(COUNTIF(응답입력!DB10:DD10,"<9")>=2,AVERAGEIF(응답입력!DB10:DD10,"<9"),"") | AA9: =IF(COUNTIF(응답입력!DE10:DG10,"<9")>=2,AVERAGEIF(응답입력!DE10:DG10,"<9"),"") | AB9: =IF(COUNTIF(응답입력!DH10:DJ10,"<9")>=2,AVERAGEIF(응답입력!DH10:DJ10,"<9"),"") | AC9: =IF(COUNTIF(응답입력!DK10:DM10,"<9")>=2,AVERAGEIF(응답입력!DK10:DM10,"<9"),"") | AD9: =IF(COUNTIF(응답입력!DN10:DP10,"<9")>=2,AVERAGEIF(응답입력!DN10:DP10,"<9"),"") | AE9: =IF(COUNTIF(응답입력!DQ10:DS10,"<9")>=2,AVERAGEIF(응답입력!DQ10:DS10,"<9"),"") | AF9: =IF(COUNTIF(응답입력!DT10:DV10,"<9")>=2,AVERAGEIF(응답입력!DT10:DV10,"<9"),"") | AG9: =IFERROR(AVERAGE(B9:AF9),"")
A10: =IF(응답입력!A11="","",응답입력!A11) | B10: =IF(COUNTIF(응답입력!AH11:AJ11,"<9")>=2,AVERAGEIF(응답입력!AH11:AJ11,"<9"),"") | C10: =IF(COUNTIF(응답입력!AK11:AM11,"<9")>=2,AVERAGEIF(응답입력!AK11:AM11,"<9"),"") | D10: =IF(COUNTIF(응답입력!AN11:AP11,"<9")>=2,AVERAGEIF(응답입력!AN11:AP11,"<9"),"") | E10: =IF(COUNTIF(응답입력!AQ11:AS11,"<9")>=2,AVERAGEIF(응답입력!AQ11:AS11,"<9"),"") | F10: =IF(COUNTIF(응답입력!AT11:AV11,"<9")>=2,AVERAGEIF(응답입력!AT11:AV11,"<9"),"") | G10: =IF(COUNTIF(응답입력!AW11:AY11,"<9")>=2,AVERAGEIF(응답입력!AW11:AY11,"<9"),"") | H10: =IF(COUNTIF(응답입력!AZ11:BB11,"<9")>=2,AVERAGEIF(응답입력!AZ11:BB11,"<9"),"") | I10: =IF(COUNTIF(응답입력!BC11:BE11,"<9")>=2,AVERAGEIF(응답입력!BC11:BE11,"<9"),"") | J10: =IF(COUNTIF(응답입력!BF11:BH11,"<9")>=2,AVERAGEIF(응답입력!BF11:BH11,"<9"),"") | K10: =IF(COUNTIF(응답입력!BI11:BK11,"<9")>=2,AVERAGEIF(응답입력!BI11:BK11,"<9"),"") | L10: =IF(COUNTIF(응답입력!BL11:BN11,"<9")>=2,AVERAGEIF(응답입력!BL11:BN11,"<9"),"") | M10: =IF(COUNTIF(응답입력!BO11:BQ11,"<9")>=2,AVERAGEIF(응답입력!BO11:BQ11,"<9"),"") | N10: =IF(COUNTIF(응답입력!BR11:BT11,"<9")>=2,AVERAGEIF(응답입력!BR11:BT11,"<9"),"") | O10: =IF(COUNTIF(응답입력!BU11:BW11,"<9")>=2,AVERAGEIF(응답입력!BU11:BW11,"<9"),"") | P10: =IF(COUNTIF(응답입력!BX11:BZ11,"<9")>=2,AVERAGEIF(응답입력!BX11:BZ11,"<9"),"") | Q10: =IF(COUNTIF(응답입력!CA11:CC11,"<9")>=2,AVERAGEIF(응답입력!CA11:CC11,"<9"),"") | R10: =IF(COUNTIF(응답입력!CD11:CF11,"<9")>=2,AVERAGEIF(응답입력!CD11:CF11,"<9"),"") | S10: =IF(COUNTIF(응답입력!CG11:CI11,"<9")>=2,AVERAGEIF(응답입력!CG11:CI11,"<9"),"") | T10: =IF(COUNTIF(응답입력!CJ11:CL11,"<9")>=2,AVERAGEIF(응답입력!CJ11:CL11,"<9"),"") | U10: =IF(COUNTIF(응답입력!CM11:CO11,"<9")>=2,AVERAGEIF(응답입력!CM11:CO11,"<9"),"") | V10: =IF(COUNTIF(응답입력!CP11:CR11,"<9")>=2,AVERAGEIF(응답입력!CP11:CR11,"<9"),"") | W10: =IF(COUNTIF(응답입력!CS11:CU11,"<9")>=2,AVERAGEIF(응답입력!CS11:CU11,"<9"),"") | X10: =IF(COUNTIF(응답입력!CV11:CX11,"<9")>=2,AVERAGEIF(응답입력!CV11:CX11,"<9"),"") | Y10: =IF(COUNTIF(응답입력!CY11:DA11,"<9")>=2,AVERAGEIF(응답입력!CY11:DA11,"<9"),"") | Z10: =IF(COUNTIF(응답입력!DB11:DD11,"<9")>=2,AVERAGEIF(응답입력!DB11:DD11,"<9"),"") | AA10: =IF(COUNTIF(응답입력!DE11:DG11,"<9")>=2,AVERAGEIF(응답입력!DE11:DG11,"<9"),"") | AB10: =IF(COUNTIF(응답입력!DH11:DJ11,"<9")>=2,AVERAGEIF(응답입력!DH11:DJ11,"<9"),"") | AC10: =IF(COUNTIF(응답입력!DK11:DM11,"<9")>=2,AVERAGEIF(응답입력!DK11:DM11,"<9"),"") | AD10: =IF(COUNTIF(응답입력!DN11:DP11,"<9")>=2,AVERAGEIF(응답입력!DN11:DP11,"<9"),"") | AE10: =IF(COUNTIF(응답입력!DQ11:DS11,"<9")>=2,AVERAGEIF(응답입력!DQ11:DS11,"<9"),"") | AF10: =IF(COUNTIF(응답입력!DT11:DV11,"<9")>=2,AVERAGEIF(응답입력!DT11:DV11,"<9"),"") | AG10: =IFERROR(AVERAGE(B10:AF10),"")
A11: =IF(응답입력!A12="","",응답입력!A12) | B11: =IF(COUNTIF(응답입력!AH12:AJ12,"<9")>=2,AVERAGEIF(응답입력!AH12:AJ12,"<9"),"") | C11: =IF(COUNTIF(응답입력!AK12:AM12,"<9")>=2,AVERAGEIF(응답입력!AK12:AM12,"<9"),"") | D11: =IF(COUNTIF(응답입력!AN12:AP12,"<9")>=2,AVERAGEIF(응답입력!AN12:AP12,"<9"),"") | E11: =IF(COUNTIF(응답입력!AQ12:AS12,"<9")>=2,AVERAGEIF(응답입력!AQ12:AS12,"<9"),"") | F11: =IF(COUNTIF(응답입력!AT12:AV12,"<9")>=2,AVERAGEIF(응답입력!AT12:AV12,"<9"),"") | G11: =IF(COUNTIF(응답입력!AW12:AY12,"<9")>=2,AVERAGEIF(응답입력!AW12:AY12,"<9"),"") | H11: =IF(COUNTIF(응답입력!AZ12:BB12,"<9")>=2,AVERAGEIF(응답입력!AZ12:BB12,"<9"),"") | I11: =IF(COUNTIF(응답입력!BC12:BE12,"<9")>=2,AVERAGEIF(응답입력!BC12:BE12,"<9"),"") | J11: =IF(COUNTIF(응답입력!BF12:BH12,"<9")>=2,AVERAGEIF(응답입력!BF12:BH12,"<9"),"") | K11: =IF(COUNTIF(응답입력!BI12:BK12,"<9")>=2,AVERAGEIF(응답입력!BI12:BK12,"<9"),"") | L11: =IF(COUNTIF(응답입력!BL12:BN12,"<9")>=2,AVERAGEIF(응답입력!BL12:BN12,"<9"),"") | M11: =IF(COUNTIF(응답입력!BO12:BQ12,"<9")>=2,AVERAGEIF(응답입력!BO12:BQ12,"<9"),"") | N11: =IF(COUNTIF(응답입력!BR12:BT12,"<9")>=2,AVERAGEIF(응답입력!BR12:BT12,"<9"),"") | O11: =IF(COUNTIF(응답입력!BU12:BW12,"<9")>=2,AVERAGEIF(응답입력!BU12:BW12,"<9"),"") | P11: =IF(COUNTIF(응답입력!BX12:BZ12,"<9")>=2,AVERAGEIF(응답입력!BX12:BZ12,"<9"),"") | Q11: =IF(COUNTIF(응답입력!CA12:CC12,"<9")>=2,AVERAGEIF(응답입력!CA12:CC12,"<9"),"") | R11: =IF(COUNTIF(응답입력!CD12:CF12,"<9")>=2,AVERAGEIF(응답입력!CD12:CF12,"<9"),"") | S11: =IF(COUNTIF(응답입력!CG12:CI12,"<9")>=2,AVERAGEIF(응답입력!CG12:CI12,"<9"),"") | T11: =IF(COUNTIF(응답입력!CJ12:CL12,"<9")>=2,AVERAGEIF(응답입력!CJ12:CL12,"<9"),"") | U11: =IF(COUNTIF(응답입력!CM12:CO12,"<9")>=2,AVERAGEIF(응답입력!CM12:CO12,"<9"),"") | V11: =IF(COUNTIF(응답입력!CP12:CR12,"<9")>=2,AVERAGEIF(응답입력!CP12:CR12,"<9"),"") | W11: =IF(COUNTIF(응답입력!CS12:CU12,"<9")>=2,AVERAGEIF(응답입력!CS12:CU12,"<9"),"") | X11: =IF(COUNTIF(응답입력!CV12:CX12,"<9")>=2,AVERAGEIF(응답입력!CV12:CX12,"<9"),"") | Y11: =IF(COUNTIF(응답입력!CY12:DA12,"<9")>=2,AVERAGEIF(응답입력!CY12:DA12,"<9"),"") | Z11: =IF(COUNTIF(응답입력!DB12:DD12,"<9")>=2,AVERAGEIF(응답입력!DB12:DD12,"<9"),"") | AA11: =IF(COUNTIF(응답입력!DE12:DG12,"<9")>=2,AVERAGEIF(응답입력!DE12:DG12,"<9"),"") | AB11: =IF(COUNTIF(응답입력!DH12:DJ12,"<9")>=2,AVERAGEIF(응답입력!DH12:DJ12,"<9"),"") | AC11: =IF(COUNTIF(응답입력!DK12:DM12,"<9")>=2,AVERAGEIF(응답입력!DK12:DM12,"<9"),"") | AD11: =IF(COUNTIF(응답입력!DN12:DP12,"<9")>=2,AVERAGEIF(응답입력!DN12:DP12,"<9"),"") | AE11: =IF(COUNTIF(응답입력!DQ12:DS12,"<9")>=2,AVERAGEIF(응답입력!DQ12:DS12,"<9"),"") | AF11: =IF(COUNTIF(응답입력!DT12:DV12,"<9")>=2,AVERAGEIF(응답입력!DT12:DV12,"<9"),"") | AG11: =IFERROR(AVERAGE(B11:AF11),"")
A12: =IF(응답입력!A13="","",응답입력!A13) | B12: =IF(COUNTIF(응답입력!AH13:AJ13,"<9")>=2,AVERAGEIF(응답입력!AH13:AJ13,"<9"),"") | C12: =IF(COUNTIF(응답입력!AK13:AM13,"<9")>=2,AVERAGEIF(응답입력!AK13:AM13,"<9"),"") | D12: =IF(COUNTIF(응답입력!AN13:AP13,"<9")>=2,AVERAGEIF(응답입력!AN13:AP13,"<9"),"") | E12: =IF(COUNTIF(응답입력!AQ13:AS13,"<9")>=2,AVERAGEIF(응답입력!AQ13:AS13,"<9"),"") | F12: =IF(COUNTIF(응답입력!AT13:AV13,"<9")>=2,AVERAGEIF(응답입력!AT13:AV13,"<9"),"") | G12: =IF(COUNTIF(응답입력!AW13:AY13,"<9")>=2,AVERAGEIF(응답입력!AW13:AY13,"<9"),"") | H12: =IF(COUNTIF(응답입력!AZ13:BB13,"<9")>=2,AVERAGEIF(응답입력!AZ13:BB13,"<9"),"") | I12: =IF(COUNTIF(응답입력!BC13:BE13,"<9")>=2,AVERAGEIF(응답입력!BC13:BE13,"<9"),"") | J12: =IF(COUNTIF(응답입력!BF13:BH13,"<9")>=2,AVERAGEIF(응답입력!BF13:BH13,"<9"),"") | K12: =IF(COUNTIF(응답입력!BI13:BK13,"<9")>=2,AVERAGEIF(응답입력!BI13:BK13,"<9"),"") | L12: =IF(COUNTIF(응답입력!BL13:BN13,"<9")>=2,AVERAGEIF(응답입력!BL13:BN13,"<9"),"") | M12: =IF(COUNTIF(응답입력!BO13:BQ13,"<9")>=2,AVERAGEIF(응답입력!BO13:BQ13,"<9"),"") | N12: =IF(COUNTIF(응답입력!BR13:BT13,"<9")>=2,AVERAGEIF(응답입력!BR13:BT13,"<9"),"") | O12: =IF(COUNTIF(응답입력!BU13:BW13,"<9")>=2,AVERAGEIF(응답입력!BU13:BW13,"<9"),"") | P12: =IF(COUNTIF(응답입력!BX13:BZ13,"<9")>=2,AVERAGEIF(응답입력!BX13:BZ13,"<9"),"") | Q12: =IF(COUNTIF(응답입력!CA13:CC13,"<9")>=2,AVERAGEIF(응답입력!CA13:CC13,"<9"),"") | R12: =IF(COUNTIF(응답입력!CD13:CF13,"<9")>=2,AVERAGEIF(응답입력!CD13:CF13,"<9"),"") | S12: =IF(COUNTIF(응답입력!CG13:CI13,"<9")>=2,AVERAGEIF(응답입력!CG13:CI13,"<9"),"") | T12: =IF(COUNTIF(응답입력!CJ13:CL13,"<9")>=2,AVERAGEIF(응답입력!CJ13:CL13,"<9"),"") | U12: =IF(COUNTIF(응답입력!CM13:CO13,"<9")>=2,AVERAGEIF(응답입력!CM13:CO13,"<9"),"") | V12: =IF(COUNTIF(응답입력!CP13:CR13,"<9")>=2,AVERAGEIF(응답입력!CP13:CR13,"<9"),"") | W12: =IF(COUNTIF(응답입력!CS13:CU13,"<9")>=2,AVERAGEIF(응답입력!CS13:CU13,"<9"),"") | X12: =IF(COUNTIF(응답입력!CV13:CX13,"<9")>=2,AVERAGEIF(응답입력!CV13:CX13,"<9"),"") | Y12: =IF(COUNTIF(응답입력!CY13:DA13,"<9")>=2,AVERAGEIF(응답입력!CY13:DA13,"<9"),"") | Z12: =IF(COUNTIF(응답입력!DB13:DD13,"<9")>=2,AVERAGEIF(응답입력!DB13:DD13,"<9"),"") | AA12: =IF(COUNTIF(응답입력!DE13:DG13,"<9")>=2,AVERAGEIF(응답입력!DE13:DG13,"<9"),"") | AB12: =IF(COUNTIF(응답입력!DH13:DJ13,"<9")>=2,AVERAGEIF(응답입력!DH13:DJ13,"<9"),"") | AC12: =IF(COUNTIF(응답입력!DK13:DM13,"<9")>=2,AVERAGEIF(응답입력!DK13:DM13,"<9"),"") | AD12: =IF(COUNTIF(응답입력!DN13:DP13,"<9")>=2,AVERAGEIF(응답입력!DN13:DP13,"<9"),"") | AE12: =IF(COUNTIF(응답입력!DQ13:DS13,"<9")>=2,AVERAGEIF(응답입력!DQ13:DS13,"<9"),"") | AF12: =IF(COUNTIF(응답입력!DT13:DV13,"<9")>=2,AVERAGEIF(응답입력!DT13:DV13,"<9"),"") | AG12: =IFERROR(AVERAGE(B12:AF12),"")
A13: =IF(응답입력!A14="","",응답입력!A14) | B13: =IF(COUNTIF(응답입력!AH14:AJ14,"<9")>=2,AVERAGEIF(응답입력!AH14:AJ14,"<9"),"") | C13: =IF(COUNTIF(응답입력!AK14:AM14,"<9")>=2,AVERAGEIF(응답입력!AK14:AM14,"<9"),"") | D13: =IF(COUNTIF(응답입력!AN14:AP14,"<9")>=2,AVERAGEIF(응답입력!AN14:AP14,"<9"),"") | E13: =IF(COUNTIF(응답입력!AQ14:AS14,"<9")>=2,AVERAGEIF(응답입력!AQ14:AS14,"<9"),"") | F13: =IF(COUNTIF(응답입력!AT14:AV14,"<9")>=2,AVERAGEIF(응답입력!AT14:AV14,"<9"),"") | G13: =IF(COUNTIF(응답입력!AW14:AY14,"<9")>=2,AVERAGEIF(응답입력!AW14:AY14,"<9"),"") | H13: =IF(COUNTIF(응답입력!AZ14:BB14,"<9")>=2,AVERAGEIF(응답입력!AZ14:BB14,"<9"),"") | I13: =IF(COUNTIF(응답입력!BC14:BE14,"<9")>=2,AVERAGEIF(응답입력!BC14:BE14,"<9"),"") | J13: =IF(COUNTIF(응답입력!BF14:BH14,"<9")>=2,AVERAGEIF(응답입력!BF14:BH14,"<9"),"") | K13: =IF(COUNTIF(응답입력!BI14:BK14,"<9")>=2,AVERAGEIF(응답입력!BI14:BK14,"<9"),"") | L13: =IF(COUNTIF(응답입력!BL14:BN14,"<9")>=2,AVERAGEIF(응답입력!BL14:BN14,"<9"),"") | M13: =IF(COUNTIF(응답입력!BO14:BQ14,"<9")>=2,AVERAGEIF(응답입력!BO14:BQ14,"<9"),"") | N13: =IF(COUNTIF(응답입력!BR14:BT14,"<9")>=2,AVERAGEIF(응답입력!BR14:BT14,"<9"),"") | O13: =IF(COUNTIF(응답입력!BU14:BW14,"<9")>=2,AVERAGEIF(응답입력!BU14:BW14,"<9"),"") | P13: =IF(COUNTIF(응답입력!BX14:BZ14,"<9")>=2,AVERAGEIF(응답입력!BX14:BZ14,"<9"),"") | Q13: =IF(COUNTIF(응답입력!CA14:CC14,"<9")>=2,AVERAGEIF(응답입력!CA14:CC14,"<9"),"") | R13: =IF(COUNTIF(응답입력!CD14:CF14,"<9")>=2,AVERAGEIF(응답입력!CD14:CF14,"<9"),"") | S13: =IF(COUNTIF(응답입력!CG14:CI14,"<9")>=2,AVERAGEIF(응답입력!CG14:CI14,"<9"),"") | T13: =IF(COUNTIF(응답입력!CJ14:CL14,"<9")>=2,AVERAGEIF(응답입력!CJ14:CL14,"<9"),"") | U13: =IF(COUNTIF(응답입력!CM14:CO14,"<9")>=2,AVERAGEIF(응답입력!CM14:CO14,"<9"),"") | V13: =IF(COUNTIF(응답입력!CP14:CR14,"<9")>=2,AVERAGEIF(응답입력!CP14:CR14,"<9"),"") | W13: =IF(COUNTIF(응답입력!CS14:CU14,"<9")>=2,AVERAGEIF(응답입력!CS14:CU14,"<9"),"") | X13: =IF(COUNTIF(응답입력!CV14:CX14,"<9")>=2,AVERAGEIF(응답입력!CV14:CX14,"<9"),"") | Y13: =IF(COUNTIF(응답입력!CY14:DA14,"<9")>=2,AVERAGEIF(응답입력!CY14:DA14,"<9"),"") | Z13: =IF(COUNTIF(응답입력!DB14:DD14,"<9")>=2,AVERAGEIF(응답입력!DB14:DD14,"<9"),"") | AA13: =IF(COUNTIF(응답입력!DE14:DG14,"<9")>=2,AVERAGEIF(응답입력!DE14:DG14,"<9"),"") | AB13: =IF(COUNTIF(응답입력!DH14:DJ14,"<9")>=2,AVERAGEIF(응답입력!DH14:DJ14,"<9"),"") | AC13: =IF(COUNTIF(응답입력!DK14:DM14,"<9")>=2,AVERAGEIF(응답입력!DK14:DM14,"<9"),"") | AD13: =IF(COUNTIF(응답입력!DN14:DP14,"<9")>=2,AVERAGEIF(응답입력!DN14:DP14,"<9"),"") | AE13: =IF(COUNTIF(응답입력!DQ14:DS14,"<9")>=2,AVERAGEIF(응답입력!DQ14:DS14,"<9"),"") | AF13: =IF(COUNTIF(응답입력!DT14:DV14,"<9")>=2,AVERAGEIF(응답입력!DT14:DV14,"<9"),"") | AG13: =IFERROR(AVERAGE(B13:AF13),"")
A14: =IF(응답입력!A15="","",응답입력!A15) | B14: =IF(COUNTIF(응답입력!AH15:AJ15,"<9")>=2,AVERAGEIF(응답입력!AH15:AJ15,"<9"),"") | C14: =IF(COUNTIF(응답입력!AK15:AM15,"<9")>=2,AVERAGEIF(응답입력!AK15:AM15,"<9"),"") | D14: =IF(COUNTIF(응답입력!AN15:AP15,"<9")>=2,AVERAGEIF(응답입력!AN15:AP15,"<9"),"") | E14: =IF(COUNTIF(응답입력!AQ15:AS15,"<9")>=2,AVERAGEIF(응답입력!AQ15:AS15,"<9"),"") | F14: =IF(COUNTIF(응답입력!AT15:AV15,"<9")>=2,AVERAGEIF(응답입력!AT15:AV15,"<9"),"") | G14: =IF(COUNTIF(응답입력!AW15:AY15,"<9")>=2,AVERAGEIF(응답입력!AW15:AY15,"<9"),"") | H14: =IF(COUNTIF(응답입력!AZ15:BB15,"<9")>=2,AVERAGEIF(응답입력!AZ15:BB15,"<9"),"") | I14: =IF(COUNTIF(응답입력!BC15:BE15,"<9")>=2,AVERAGEIF(응답입력!BC15:BE15,"<9"),"") | J14: =IF(COUNTIF(응답입력!BF15:BH15,"<9")>=2,AVERAGEIF(응답입력!BF15:BH15,"<9"),"") | K14: =IF(COUNTIF(응답입력!BI15:BK15,"<9")>=2,AVERAGEIF(응답입력!BI15:BK15,"<9"),"") | L14: =IF(COUNTIF(응답입력!BL15:BN15,"<9")>=2,AVERAGEIF(응답입력!BL15:BN15,"<9"),"") | M14: =IF(COUNTIF(응답입력!BO15:BQ15,"<9")>=2,AVERAGEIF(응답입력!BO15:BQ15,"<9"),"") | N14: =IF(COUNTIF(응답입력!BR15:BT15,"<9")>=2,AVERAGEIF(응답입력!BR15:BT15,"<9"),"") | O14: =IF(COUNTIF(응답입력!BU15:BW15,"<9")>=2,AVERAGEIF(응답입력!BU15:BW15,"<9"),"") | P14: =IF(COUNTIF(응답입력!BX15:BZ15,"<9")>=2,AVERAGEIF(응답입력!BX15:BZ15,"<9"),"") | Q14: =IF(COUNTIF(응답입력!CA15:CC15,"<9")>=2,AVERAGEIF(응답입력!CA15:CC15,"<9"),"") | R14: =IF(COUNTIF(응답입력!CD15:CF15,"<9")>=2,AVERAGEIF(응답입력!CD15:CF15,"<9"),"") | S14: =IF(COUNTIF(응답입력!CG15:CI15,"<9")>=2,AVERAGEIF(응답입력!CG15:CI15,"<9"),"") | T14: =IF(COUNTIF(응답입력!CJ15:CL15,"<9")>=2,AVERAGEIF(응답입력!CJ15:CL15,"<9"),"") | U14: =IF(COUNTIF(응답입력!CM15:CO15,"<9")>=2,AVERAGEIF(응답입력!CM15:CO15,"<9"),"") | V14: =IF(COUNTIF(응답입력!CP15:CR15,"<9")>=2,AVERAGEIF(응답입력!CP15:CR15,"<9"),"") | W14: =IF(COUNTIF(응답입력!CS15:CU15,"<9")>=2,AVERAGEIF(응답입력!CS15:CU15,"<9"),"") | X14: =IF(COUNTIF(응답입력!CV15:CX15,"<9")>=2,AVERAGEIF(응답입력!CV15:CX15,"<9"),"") | Y14: =IF(COUNTIF(응답입력!CY15:DA15,"<9")>=2,AVERAGEIF(응답입력!CY15:DA15,"<9"),"") | Z14: =IF(COUNTIF(응답입력!DB15:DD15,"<9")>=2,AVERAGEIF(응답입력!DB15:DD15,"<9"),"") | AA14: =IF(COUNTIF(응답입력!DE15:DG15,"<9")>=2,AVERAGEIF(응답입력!DE15:DG15,"<9"),"") | AB14: =IF(COUNTIF(응답입력!DH15:DJ15,"<9")>=2,AVERAGEIF(응답입력!DH15:DJ15,"<9"),"") | AC14: =IF(COUNTIF(응답입력!DK15:DM15,"<9")>=2,AVERAGEIF(응답입력!DK15:DM15,"<9"),"") | AD14: =IF(COUNTIF(응답입력!DN15:DP15,"<9")>=2,AVERAGEIF(응답입력!DN15:DP15,"<9"),"") | AE14: =IF(COUNTIF(응답입력!DQ15:DS15,"<9")>=2,AVERAGEIF(응답입력!DQ15:DS15,"<9"),"") | AF14: =IF(COUNTIF(응답입력!DT15:DV15,"<9")>=2,AVERAGEIF(응답입력!DT15:DV15,"<9"),"") | AG14: =IFERROR(AVERAGE(B14:AF14),"")
A15: =IF(응답입력!A16="","",응답입력!A16) | B15: =IF(COUNTIF(응답입력!AH16:AJ16,"<9")>=2,AVERAGEIF(응답입력!AH16:AJ16,"<9"),"") | C15: =IF(COUNTIF(응답입력!AK16:AM16,"<9")>=2,AVERAGEIF(응답입력!AK16:AM16,"<9"),"") | D15: =IF(COUNTIF(응답입력!AN16:AP16,"<9")>=2,AVERAGEIF(응답입력!AN16:AP16,"<9"),"") | E15: =IF(COUNTIF(응답입력!AQ16:AS16,"<9")>=2,AVERAGEIF(응답입력!AQ16:AS16,"<9"),"") | F15: =IF(COUNTIF(응답입력!AT16:AV16,"<9")>=2,AVERAGEIF(응답입력!AT16:AV16,"<9"),"") | G15: =IF(COUNTIF(응답입력!AW16:AY16,"<9")>=2,AVERAGEIF(응답입력!AW16:AY16,"<9"),"") | H15: =IF(COUNTIF(응답입력!AZ16:BB16,"<9")>=2,AVERAGEIF(응답입력!AZ16:BB16,"<9"),"") | I15: =IF(COUNTIF(응답입력!BC16:BE16,"<9")>=2,AVERAGEIF(응답입력!BC16:BE16,"<9"),"") | J15: =IF(COUNTIF(응답입력!BF16:BH16,"<9")>=2,AVERAGEIF(응답입력!BF16:BH16,"<9"),"") | K15: =IF(COUNTIF(응답입력!BI16:BK16,"<9")>=2,AVERAGEIF(응답입력!BI16:BK16,"<9"),"") | L15: =IF(COUNTIF(응답입력!BL16:BN16,"<9")>=2,AVERAGEIF(응답입력!BL16:BN16,"<9"),"") | M15: =IF(COUNTIF(응답입력!BO16:BQ16,"<9")>=2,AVERAGEIF(응답입력!BO16:BQ16,"<9"),"") | N15: =IF(COUNTIF(응답입력!BR16:BT16,"<9")>=2,AVERAGEIF(응답입력!BR16:BT16,"<9"),"") | O15: =IF(COUNTIF(응답입력!BU16:BW16,"<9")>=2,AVERAGEIF(응답입력!BU16:BW16,"<9"),"") | P15: =IF(COUNTIF(응답입력!BX16:BZ16,"<9")>=2,AVERAGEIF(응답입력!BX16:BZ16,"<9"),"") | Q15: =IF(COUNTIF(응답입력!CA16:CC16,"<9")>=2,AVERAGEIF(응답입력!CA16:CC16,"<9"),"") | R15: =IF(COUNTIF(응답입력!CD16:CF16,"<9")>=2,AVERAGEIF(응답입력!CD16:CF16,"<9"),"") | S15: =IF(COUNTIF(응답입력!CG16:CI16,"<9")>=2,AVERAGEIF(응답입력!CG16:CI16,"<9"),"") | T15: =IF(COUNTIF(응답입력!CJ16:CL16,"<9")>=2,AVERAGEIF(응답입력!CJ16:CL16,"<9"),"") | U15: =IF(COUNTIF(응답입력!CM16:CO16,"<9")>=2,AVERAGEIF(응답입력!CM16:CO16,"<9"),"") | V15: =IF(COUNTIF(응답입력!CP16:CR16,"<9")>=2,AVERAGEIF(응답입력!CP16:CR16,"<9"),"") | W15: =IF(COUNTIF(응답입력!CS16:CU16,"<9")>=2,AVERAGEIF(응답입력!CS16:CU16,"<9"),"") | X15: =IF(COUNTIF(응답입력!CV16:CX16,"<9")>=2,AVERAGEIF(응답입력!CV16:CX16,"<9"),"") | Y15: =IF(COUNTIF(응답입력!CY16:DA16,"<9")>=2,AVERAGEIF(응답입력!CY16:DA16,"<9"),"") | Z15: =IF(COUNTIF(응답입력!DB16:DD16,"<9")>=2,AVERAGEIF(응답입력!DB16:DD16,"<9"),"") | AA15: =IF(COUNTIF(응답입력!DE16:DG16,"<9")>=2,AVERAGEIF(응답입력!DE16:DG16,"<9"),"") | AB15: =IF(COUNTIF(응답입력!DH16:DJ16,"<9")>=2,AVERAGEIF(응답입력!DH16:DJ16,"<9"),"") | AC15: =IF(COUNTIF(응답입력!DK16:DM16,"<9")>=2,AVERAGEIF(응답입력!DK16:DM16,"<9"),"") | AD15: =IF(COUNTIF(응답입력!DN16:DP16,"<9")>=2,AVERAGEIF(응답입력!DN16:DP16,"<9"),"") | AE15: =IF(COUNTIF(응답입력!DQ16:DS16,"<9")>=2,AVERAGEIF(응답입력!DQ16:DS16,"<9"),"") | AF15: =IF(COUNTIF(응답입력!DT16:DV16,"<9")>=2,AVERAGEIF(응답입력!DT16:DV16,"<9"),"") | AG15: =IFERROR(AVERAGE(B15:AF15),"")
A16: =IF(응답입력!A17="","",응답입력!A17) | B16: =IF(COUNTIF(응답입력!AH17:AJ17,"<9")>=2,AVERAGEIF(응답입력!AH17:AJ17,"<9"),"") | C16: =IF(COUNTIF(응답입력!AK17:AM17,"<9")>=2,AVERAGEIF(응답입력!AK17:AM17,"<9"),"") | D16: =IF(COUNTIF(응답입력!AN17:AP17,"<9")>=2,AVERAGEIF(응답입력!AN17:AP17,"<9"),"") | E16: =IF(COUNTIF(응답입력!AQ17:AS17,"<9")>=2,AVERAGEIF(응답입력!AQ17:AS17,"<9"),"") | F16: =IF(COUNTIF(응답입력!AT17:AV17,"<9")>=2,AVERAGEIF(응답입력!AT17:AV17,"<9"),"") | G16: =IF(COUNTIF(응답입력!AW17:AY17,"<9")>=2,AVERAGEIF(응답입력!AW17:AY17,"<9"),"") | H16: =IF(COUNTIF(응답입력!AZ17:BB17,"<9")>=2,AVERAGEIF(응답입력!AZ17:BB17,"<9"),"") | I16: =IF(COUNTIF(응답입력!BC17:BE17,"<9")>=2,AVERAGEIF(응답입력!BC17:BE17,"<9"),"") | J16: =IF(COUNTIF(응답입력!BF17:BH17,"<9")>=2,AVERAGEIF(응답입력!BF17:BH17,"<9"),"") | K16: =IF(COUNTIF(응답입력!BI17:BK17,"<9")>=2,AVERAGEIF(응답입력!BI17:BK17,"<9"),"") | L16: =IF(COUNTIF(응답입력!BL17:BN17,"<9")>=2,AVERAGEIF(응답입력!BL17:BN17,"<9"),"") | M16: =IF(COUNTIF(응답입력!BO17:BQ17,"<9")>=2,AVERAGEIF(응답입력!BO17:BQ17,"<9"),"") | N16: =IF(COUNTIF(응답입력!BR17:BT17,"<9")>=2,AVERAGEIF(응답입력!BR17:BT17,"<9"),"") | O16: =IF(COUNTIF(응답입력!BU17:BW17,"<9")>=2,AVERAGEIF(응답입력!BU17:BW17,"<9"),"") | P16: =IF(COUNTIF(응답입력!BX17:BZ17,"<9")>=2,AVERAGEIF(응답입력!BX17:BZ17,"<9"),"") | Q16: =IF(COUNTIF(응답입력!CA17:CC17,"<9")>=2,AVERAGEIF(응답입력!CA17:CC17,"<9"),"") | R16: =IF(COUNTIF(응답입력!CD17:CF17,"<9")>=2,AVERAGEIF(응답입력!CD17:CF17,"<9"),"") | S16: =IF(COUNTIF(응답입력!CG17:CI17,"<9")>=2,AVERAGEIF(응답입력!CG17:CI17,"<9"),"") | T16: =IF(COUNTIF(응답입력!CJ17:CL17,"<9")>=2,AVERAGEIF(응답입력!CJ17:CL17,"<9"),"") | U16: =IF(COUNTIF(응답입력!CM17:CO17,"<9")>=2,AVERAGEIF(응답입력!CM17:CO17,"<9"),"") | V16: =IF(COUNTIF(응답입력!CP17:CR17,"<9")>=2,AVERAGEIF(응답입력!CP17:CR17,"<9"),"") | W16: =IF(COUNTIF(응답입력!CS17:CU17,"<9")>=2,AVERAGEIF(응답입력!CS17:CU17,"<9"),"") | X16: =IF(COUNTIF(응답입력!CV17:CX17,"<9")>=2,AVERAGEIF(응답입력!CV17:CX17,"<9"),"") | Y16: =IF(COUNTIF(응답입력!CY17:DA17,"<9")>=2,AVERAGEIF(응답입력!CY17:DA17,"<9"),"") | Z16: =IF(COUNTIF(응답입력!DB17:DD17,"<9")>=2,AVERAGEIF(응답입력!DB17:DD17,"<9"),"") | AA16: =IF(COUNTIF(응답입력!DE17:DG17,"<9")>=2,AVERAGEIF(응답입력!DE17:DG17,"<9"),"") | AB16: =IF(COUNTIF(응답입력!DH17:DJ17,"<9")>=2,AVERAGEIF(응답입력!DH17:DJ17,"<9"),"") | AC16: =IF(COUNTIF(응답입력!DK17:DM17,"<9")>=2,AVERAGEIF(응답입력!DK17:DM17,"<9"),"") | AD16: =IF(COUNTIF(응답입력!DN17:DP17,"<9")>=2,AVERAGEIF(응답입력!DN17:DP17,"<9"),"") | AE16: =IF(COUNTIF(응답입력!DQ17:DS17,"<9")>=2,AVERAGEIF(응답입력!DQ17:DS17,"<9"),"") | AF16: =IF(COUNTIF(응답입력!DT17:DV17,"<9")>=2,AVERAGEIF(응답입력!DT17:DV17,"<9"),"") | AG16: =IFERROR(AVERAGE(B16:AF16),"")
A17: =IF(응답입력!A18="","",응답입력!A18) | B17: =IF(COUNTIF(응답입력!AH18:AJ18,"<9")>=2,AVERAGEIF(응답입력!AH18:AJ18,"<9"),"") | C17: =IF(COUNTIF(응답입력!AK18:AM18,"<9")>=2,AVERAGEIF(응답입력!AK18:AM18,"<9"),"") | D17: =IF(COUNTIF(응답입력!AN18:AP18,"<9")>=2,AVERAGEIF(응답입력!AN18:AP18,"<9"),"") | E17: =IF(COUNTIF(응답입력!AQ18:AS18,"<9")>=2,AVERAGEIF(응답입력!AQ18:AS18,"<9"),"") | F17: =IF(COUNTIF(응답입력!AT18:AV18,"<9")>=2,AVERAGEIF(응답입력!AT18:AV18,"<9"),"") | G17: =IF(COUNTIF(응답입력!AW18:AY18,"<9")>=2,AVERAGEIF(응답입력!AW18:AY18,"<9"),"") | H17: =IF(COUNTIF(응답입력!AZ18:BB18,"<9")>=2,AVERAGEIF(응답입력!AZ18:BB18,"<9"),"") | I17: =IF(COUNTIF(응답입력!BC18:BE18,"<9")>=2,AVERAGEIF(응답입력!BC18:BE18,"<9"),"") | J17: =IF(COUNTIF(응답입력!BF18:BH18,"<9")>=2,AVERAGEIF(응답입력!BF18:BH18,"<9"),"") | K17: =IF(COUNTIF(응답입력!BI18:BK18,"<9")>=2,AVERAGEIF(응답입력!BI18:BK18,"<9"),"") | L17: =IF(COUNTIF(응답입력!BL18:BN18,"<9")>=2,AVERAGEIF(응답입력!BL18:BN18,"<9"),"") | M17: =IF(COUNTIF(응답입력!BO18:BQ18,"<9")>=2,AVERAGEIF(응답입력!BO18:BQ18,"<9"),"") | N17: =IF(COUNTIF(응답입력!BR18:BT18,"<9")>=2,AVERAGEIF(응답입력!BR18:BT18,"<9"),"") | O17: =IF(COUNTIF(응답입력!BU18:BW18,"<9")>=2,AVERAGEIF(응답입력!BU18:BW18,"<9"),"") | P17: =IF(COUNTIF(응답입력!BX18:BZ18,"<9")>=2,AVERAGEIF(응답입력!BX18:BZ18,"<9"),"") | Q17: =IF(COUNTIF(응답입력!CA18:CC18,"<9")>=2,AVERAGEIF(응답입력!CA18:CC18,"<9"),"") | R17: =IF(COUNTIF(응답입력!CD18:CF18,"<9")>=2,AVERAGEIF(응답입력!CD18:CF18,"<9"),"") | S17: =IF(COUNTIF(응답입력!CG18:CI18,"<9")>=2,AVERAGEIF(응답입력!CG18:CI18,"<9"),"") | T17: =IF(COUNTIF(응답입력!CJ18:CL18,"<9")>=2,AVERAGEIF(응답입력!CJ18:CL18,"<9"),"") | U17: =IF(COUNTIF(응답입력!CM18:CO18,"<9")>=2,AVERAGEIF(응답입력!CM18:CO18,"<9"),"") | V17: =IF(COUNTIF(응답입력!CP18:CR18,"<9")>=2,AVERAGEIF(응답입력!CP18:CR18,"<9"),"") | W17: =IF(COUNTIF(응답입력!CS18:CU18,"<9")>=2,AVERAGEIF(응답입력!CS18:CU18,"<9"),"") | X17: =IF(COUNTIF(응답입력!CV18:CX18,"<9")>=2,AVERAGEIF(응답입력!CV18:CX18,"<9"),"") | Y17: =IF(COUNTIF(응답입력!CY18:DA18,"<9")>=2,AVERAGEIF(응답입력!CY18:DA18,"<9"),"") | Z17: =IF(COUNTIF(응답입력!DB18:DD18,"<9")>=2,AVERAGEIF(응답입력!DB18:DD18,"<9"),"") | AA17: =IF(COUNTIF(응답입력!DE18:DG18,"<9")>=2,AVERAGEIF(응답입력!DE18:DG18,"<9"),"") | AB17: =IF(COUNTIF(응답입력!DH18:DJ18,"<9")>=2,AVERAGEIF(응답입력!DH18:DJ18,"<9"),"") | AC17: =IF(COUNTIF(응답입력!DK18:DM18,"<9")>=2,AVERAGEIF(응답입력!DK18:DM18,"<9"),"") | AD17: =IF(COUNTIF(응답입력!DN18:DP18,"<9")>=2,AVERAGEIF(응답입력!DN18:DP18,"<9"),"") | AE17: =IF(COUNTIF(응답입력!DQ18:DS18,"<9")>=2,AVERAGEIF(응답입력!DQ18:DS18,"<9"),"") | AF17: =IF(COUNTIF(응답입력!DT18:DV18,"<9")>=2,AVERAGEIF(응답입력!DT18:DV18,"<9"),"") | AG17: =IFERROR(AVERAGE(B17:AF17),"")
... A55: =IF(응답입력!A56="","",응답입력!A56) | B55: =IF(COUNTIF(응답입력!AH56:AJ56,"<9")>=2,AVERAGEIF(응답입력!AH56:AJ56,"<9"),"") | C55: =IF(COUNTIF(응답입력!AK56:AM56,"<9")>=2,AVERAGEIF(응답입력!AK56:AM56,"<9"),"") | D55: =IF(COUNTIF(응답입력!AN56:AP56,"<9")>=2,AVERAGEIF(응답입력!AN56:AP56,"<9"),"") | E55: =IF(COUNTIF(응답입력!AQ56:AS56,"<9")>=2,AVERAGEIF(응답입력!AQ56:AS56,"<9"),"") | F55: =IF(COUNTIF(응답입력!AT56:AV56,"<9")>=2,AVERAGEIF(응답입력!AT56:AV56,"<9"),"") | G55: =IF(COUNTIF(응답입력!AW56:AY56,"<9")>=2,AVERAGEIF(응답입력!AW56:AY56,"<9"),"") | H55: =IF(COUNTIF(응답입력!AZ56:BB56,"<9")>=2,AVERAGEIF(응답입력!AZ56:BB56,"<9"),"") | I55: =IF(COUNTIF(응답입력!BC56:BE56,"<9")>=2,AVERAGEIF(응답입력!BC56:BE56,"<9"),"") | J55: =IF(COUNTIF(응답입력!BF56:BH56,"<9")>=2,AVERAGEIF(응답입력!BF56:BH56,"<9"),"") | K55: =IF(COUNTIF(응답입력!BI56:BK56,"<9")>=2,AVERAGEIF(응답입력!BI56:BK56,"<9"),"") | L55: =IF(COUNTIF(응답입력!BL56:BN56,"<9")>=2,AVERAGEIF(응답입력!BL56:BN56,"<9"),"") | M55: =IF(COUNTIF(응답입력!BO56:BQ56,"<9")>=2,AVERAGEIF(응답입력!BO56:BQ56,"<9"),"") | N55: =IF(COUNTIF(응답입력!BR56:BT56,"<9")>=2,AVERAGEIF(응답입력!BR56:BT56,"<9"),"") | O55: =IF(COUNTIF(응답입력!BU56:BW56,"<9")>=2,AVERAGEIF(응답입력!BU56:BW56,"<9"),"") | P55: =IF(COUNTIF(응답입력!BX56:BZ56,"<9")>=2,AVERAGEIF(응답입력!BX56:BZ56,"<9"),"") | Q55: =IF(COUNTIF(응답입력!CA56:CC56,"<9")>=2,AVERAGEIF(응답입력!CA56:CC56,"<9"),"") | R55: =IF(COUNTIF(응답입력!CD56:CF56,"<9")>=2,AVERAGEIF(응답입력!CD56:CF56,"<9"),"") | S55: =IF(COUNTIF(응답입력!CG56:CI56,"<9")>=2,AVERAGEIF(응답입력!CG56:CI56,"<9"),"") | T55: =IF(COUNTIF(응답입력!CJ56:CL56,"<9")>=2,AVERAGEIF(응답입력!CJ56:CL56,"<9"),"") | U55: =IF(COUNTIF(응답입력!CM56:CO56,"<9")>=2,AVERAGEIF(응답입력!CM56:CO56,"<9"),"") | V55: =IF(COUNTIF(응답입력!CP56:CR56,"<9")>=2,AVERAGEIF(응답입력!CP56:CR56,"<9"),"") | W55: =IF(COUNTIF(응답입력!CS56:CU56,"<9")>=2,AVERAGEIF(응답입력!CS56:CU56,"<9"),"") | X55: =IF(COUNTIF(응답입력!CV56:CX56,"<9")>=2,AVERAGEIF(응답입력!CV56:CX56,"<9"),"") | Y55: =IF(COUNTIF(응답입력!CY56:DA56,"<9")>=2,AVERAGEIF(응답입력!CY56:DA56,"<9"),"") | Z55: =IF(COUNTIF(응답입력!DB56:DD56,"<9")>=2,AVERAGEIF(응답입력!DB56:DD56,"<9"),"") | AA55: =IF(COUNTIF(응답입력!DE56:DG56,"<9")>=2,AVERAGEIF(응답입력!DE56:DG56,"<9"),"") | AB55: =IF(COUNTIF(응답입력!DH56:DJ56,"<9")>=2,AVERAGEIF(응답입력!DH56:DJ56,"<9"),"") | AC55: =IF(COUNTIF(응답입력!DK56:DM56,"<9")>=2,AVERAGEIF(응답입력!DK56:DM56,"<9"),"") | AD55: =IF(COUNTIF(응답입력!DN56:DP56,"<9")>=2,AVERAGEIF(응답입력!DN56:DP56,"<9"),"") | AE55: =IF(COUNTIF(응답입력!DQ56:DS56,"<9")>=2,AVERAGEIF(응답입력!DQ56:DS56,"<9"),"") | AF55: =IF(COUNTIF(응답입력!DT56:DV56,"<9")>=2,AVERAGEIF(응답입력!DT56:DV56,"<9"),"") | AG55: =IFERROR(AVERAGE(B55:AF55),"")

Sheet 점수요약
A1: 점수 요약 — 연결·영역·증거유형·상태별 평균 (응답입력 7~56행, 9 제외)
A4: ID | B4: 연결(S→T) | C4: 영역 | D4: 증거유형 | E4: 반영(R) | F4: 확인(V) | G4: 갱신(U) | H4: 연결 점수 | I4: 응답 수 | J4: R−U 격차 | K4: 해석
A5: L01 | B5: REQ → BIA | C5: ① 요구·분석 | D5: E1 | E5: =IFERROR(AVERAGEIF(응답입력!$AH$7:$AH$56,"<9"),"") | F5: =IFERROR(AVERAGEIF(응답입력!$AI$7:$AI$56,"<9"),"") | G5: =IFERROR(AVERAGEIF(응답입력!$AJ$7:$AJ$56,"<9"),"") | H5: =IFERROR(AVERAGE(E5:G5),"") | I5: =COUNTIF(응답입력!$AH$7:$AH$56,"<9")+COUNTIF(응답입력!$AI$7:$AI$56,"<9")+COUNTIF(응답입력!$AJ$7:$AJ$56,"<9") -> 0 | J5: =IF(AND(ISNUMBER(E5),ISNUMBER(G5)),E5-G5,"") | K5: =IF(J5="","",IF(J5>=1,"방치 의심(반영≫갱신)",IF(J5<=-0.5,"점검 필요(갱신>반영)","균형")))
A6: L02 | B6: REQ → RA | C6: ① 요구·분석 | D6: E1 | E6: =IFERROR(AVERAGEIF(응답입력!$AK$7:$AK$56,"<9"),"") | F6: =IFERROR(AVERAGEIF(응답입력!$AL$7:$AL$56,"<9"),"") | G6: =IFERROR(AVERAGEIF(응답입력!$AM$7:$AM$56,"<9"),"") | H6: =IFERROR(AVERAGE(E6:G6),"") | I6: =COUNTIF(응답입력!$AK$7:$AK$56,"<9")+COUNTIF(응답입력!$AL$7:$AL$56,"<9")+COUNTIF(응답입력!$AM$7:$AM$56,"<9") -> 0 | J6: =IF(AND(ISNUMBER(E6),ISNUMBER(G6)),E6-G6,"") | K6: =IF(J6="","",IF(J6>=1,"방치 의심(반영≫갱신)",IF(J6<=-0.5,"점검 필요(갱신>반영)","균형")))
A7: L03 | B7: BIA → RA | C7: ① 요구·분석 | D7: E1 | E7: =IFERROR(AVERAGEIF(응답입력!$AN$7:$AN$56,"<9"),"") | F7: =IFERROR(AVERAGEIF(응답입력!$AO$7:$AO$56,"<9"),"") | G7: =IFERROR(AVERAGEIF(응답입력!$AP$7:$AP$56,"<9"),"") | H7: =IFERROR(AVERAGE(E7:G7),"") | I7: =COUNTIF(응답입력!$AN$7:$AN$56,"<9")+COUNTIF(응답입력!$AO$7:$AO$56,"<9")+COUNTIF(응답입력!$AP$7:$AP$56,"<9") -> 0 | J7: =IF(AND(ISNUMBER(E7),ISNUMBER(G7)),E7-G7,"") | K7: =IF(J7="","",IF(J7>=1,"방치 의심(반영≫갱신)",IF(J7<=-0.5,"점검 필요(갱신>반영)","균형")))
A8: L04 | B8: REQ → AUD | C8: ① 요구·분석 | D8: E1 | E8: =IFERROR(AVERAGEIF(응답입력!$AQ$7:$AQ$56,"<9"),"") | F8: =IFERROR(AVERAGEIF(응답입력!$AR$7:$AR$56,"<9"),"") | G8: =IFERROR(AVERAGEIF(응답입력!$AS$7:$AS$56,"<9"),"") | H8: =IFERROR(AVERAGE(E8:G8),"") | I8: =COUNTIF(응답입력!$AQ$7:$AQ$56,"<9")+COUNTIF(응답입력!$AR$7:$AR$56,"<9")+COUNTIF(응답입력!$AS$7:$AS$56,"<9") -> 0 | J8: =IF(AND(ISNUMBER(E8),ISNUMBER(G8)),E8-G8,"") | K8: =IF(J8="","",IF(J8>=1,"방치 의심(반영≫갱신)",IF(J8<=-0.5,"점검 필요(갱신>반영)","균형")))
A9: L05 | B9: REQ → SUP | C9: ① 요구·분석 | D9: E1 | E9: =IFERROR(AVERAGEIF(응답입력!$AT$7:$AT$56,"<9"),"") | F9: =IFERROR(AVERAGEIF(응답입력!$AU$7:$AU$56,"<9"),"") | G9: =IFERROR(AVERAGEIF(응답입력!$AV$7:$AV$56,"<9"),"") | H9: =IFERROR(AVERAGE(E9:G9),"") | I9: =COUNTIF(응답입력!$AT$7:$AT$56,"<9")+COUNTIF(응답입력!$AU$7:$AU$56,"<9")+COUNTIF(응답입력!$AV$7:$AV$56,"<9") -> 0 | J9: =IF(AND(ISNUMBER(E9),ISNUMBER(G9)),E9-G9,"") | K9: =IF(J9="","",IF(J9>=1,"방치 의심(반영≫갱신)",IF(J9<=-0.5,"점검 필요(갱신>반영)","균형")))
A10: L06 | B10: BIA → STR | C10: ② 전략·계획·이행 | D10: E1 | E10: =IFERROR(AVERAGEIF(응답입력!$AW$7:$AW$56,"<9"),"") | F10: =IFERROR(AVERAGEIF(응답입력!$AX$7:$AX$56,"<9"),"") | G10: =IFERROR(AVERAGEIF(응답입력!$AY$7:$AY$56,"<9"),"") | H10: =IFERROR(AVERAGE(E10:G10),"") | I10: =COUNTIF(응답입력!$AW$7:$AW$56,"<9")+COUNTIF(응답입력!$AX$7:$AX$56,"<9")+COUNTIF(응답입력!$AY$7:$AY$56,"<9") -> 0 | J10: =IF(AND(ISNUMBER(E10),ISNUMBER(G10)),E10-G10,"") | K10: =IF(J10="","",IF(J10>=1,"방치 의심(반영≫갱신)",IF(J10<=-0.5,"점검 필요(갱신>반영)","균형")))
A11: L07 | B11: STR → IMP | C11: ② 전략·계획·이행 | D11: E1 | E11: =IFERROR(AVERAGEIF(응답입력!$AZ$7:$AZ$56,"<9"),"") | F11: =IFERROR(AVERAGEIF(응답입력!$BA$7:$BA$56,"<9"),"") | G11: =IFERROR(AVERAGEIF(응답입력!$BB$7:$BB$56,"<9"),"") | H11: =IFERROR(AVERAGE(E11:G11),"") | I11: =COUNTIF(응답입력!$AZ$7:$AZ$56,"<9")+COUNTIF(응답입력!$BA$7:$BA$56,"<9")+COUNTIF(응답입력!$BB$7:$BB$56,"<9") -> 0 | J11: =IF(AND(ISNUMBER(E11),ISNUMBER(G11)),E11-G11,"") | K11: =IF(J11="","",IF(J11>=1,"방치 의심(반영≫갱신)",IF(J11<=-0.5,"점검 필요(갱신>반영)","균형")))
A12: L08 | B12: STR → PLAN | C12: ② 전략·계획·이행 | D12: E1 | E12: =IFERROR(AVERAGEIF(응답입력!$BC$7:$BC$56,"<9"),"") | F12: =IFERROR(AVERAGEIF(응답입력!$BD$7:$BD$56,"<9"),"") | G12: =IFERROR(AVERAGEIF(응답입력!$BE$7:$BE$56,"<9"),"") | H12: =IFERROR(AVERAGE(E12:G12),"") | I12: =COUNTIF(응답입력!$BC$7:$BC$56,"<9")+COUNTIF(응답입력!$BD$7:$BD$56,"<9")+COUNTIF(응답입력!$BE$7:$BE$56,"<9") -> 0 | J12: =IF(AND(ISNUMBER(E12),ISNUMBER(G12)),E12-G12,"") | K12: =IF(J12="","",IF(J12>=1,"방치 의심(반영≫갱신)",IF(J12<=-0.5,"점검 필요(갱신>반영)","균형")))
A13: L09 | B13: RA → PLAN | C13: ② 전략·계획·이행 | D13: E1 | E13: =IFERROR(AVERAGEIF(응답입력!$BF$7:$BF$56,"<9"),"") | F13: =IFERROR(AVERAGEIF(응답입력!$BG$7:$BG$56,"<9"),"") | G13: =IFERROR(AVERAGEIF(응답입력!$BH$7:$BH$56,"<9"),"") | H13: =IFERROR(AVERAGE(E13:G13),"") | I13: =COUNTIF(응답입력!$BF$7:$BF$56,"<9")+COUNTIF(응답입력!$BG$7:$BG$56,"<9")+COUNTIF(응답입력!$BH$7:$BH$56,"<9") -> 0 | J13: =IF(AND(ISNUMBER(E13),ISNUMBER(G13)),E13-G13,"") | K13: =IF(J13="","",IF(J13>=1,"방치 의심(반영≫갱신)",IF(J13<=-0.5,"점검 필요(갱신>반영)","균형")))
A14: L10 | B14: RES → IMP | C14: ② 전략·계획·이행 | D14: E2 | E14: =IFERROR(AVERAGEIF(응답입력!$BI$7:$BI$56,"<9"),"") | F14: =IFERROR(AVERAGEIF(응답입력!$BJ$7:$BJ$56,"<9"),"") | G14: =IFERROR(AVERAGEIF(응답입력!$BK$7:$BK$56,"<9"),"") | H14: =IFERROR(AVERAGE(E14:G14),"") | I14: =COUNTIF(응답입력!$BI$7:$BI$56,"<9")+COUNTIF(응답입력!$BJ$7:$BJ$56,"<9")+COUNTIF(응답입력!$BK$7:$BK$56,"<9") -> 0 | J14: =IF(AND(ISNUMBER(E14),ISNUMBER(G14)),E14-G14,"") | K14: =IF(J14="","",IF(J14>=1,"방치 의심(반영≫갱신)",IF(J14<=-0.5,"점검 필요(갱신>반영)","균형")))
A15: L11 | B15: BIA → RES | C15: ③ 대응·복구·훈련 | D15: E3 | E15: =IFERROR(AVERAGEIF(응답입력!$BL$7:$BL$56,"<9"),"") | F15: =IFERROR(AVERAGEIF(응답입력!$BM$7:$BM$56,"<9"),"") | G15: =IFERROR(AVERAGEIF(응답입력!$BN$7:$BN$56,"<9"),"") | H15: =IFERROR(AVERAGE(E15:G15),"") | I15: =COUNTIF(응답입력!$BL$7:$BL$56,"<9")+COUNTIF(응답입력!$BM$7:$BM$56,"<9")+COUNTIF(응답입력!$BN$7:$BN$56,"<9") -> 0 | J15: =IF(AND(ISNUMBER(E15),ISNUMBER(G15)),E15-G15,"") | K15: =IF(J15="","",IF(J15>=1,"방치 의심(반영≫갱신)",IF(J15<=-0.5,"점검 필요(갱신>반영)","균형")))
A16: L12 | B16: PLAN → INC | C16: ③ 대응·복구·훈련 | D16: E2 | E16: =IFERROR(AVERAGEIF(응답입력!$BO$7:$BO$56,"<9"),"") | F16: =IFERROR(AVERAGEIF(응답입력!$BP$7:$BP$56,"<9"),"") | G16: =IFERROR(AVERAGEIF(응답입력!$BQ$7:$BQ$56,"<9"),"") | H16: =IFERROR(AVERAGE(E16:G16),"") | I16: =COUNTIF(응답입력!$BO$7:$BO$56,"<9")+COUNTIF(응답입력!$BP$7:$BP$56,"<9")+COUNTIF(응답입력!$BQ$7:$BQ$56,"<9") -> 0 | J16: =IF(AND(ISNUMBER(E16),ISNUMBER(G16)),E16-G16,"") | K16: =IF(J16="","",IF(J16>=1,"방치 의심(반영≫갱신)",IF(J16<=-0.5,"점검 필요(갱신>반영)","균형")))
A17: L13 | B17: INC → WARN | C17: ③ 대응·복구·훈련 | D17: E1 | E17: =IFERROR(AVERAGEIF(응답입력!$BR$7:$BR$56,"<9"),"") | F17: =IFERROR(AVERAGEIF(응답입력!$BS$7:$BS$56,"<9"),"") | G17: =IFERROR(AVERAGEIF(응답입력!$BT$7:$BT$56,"<9"),"") | H17: =IFERROR(AVERAGE(E17:G17),"") | I17: =COUNTIF(응답입력!$BR$7:$BR$56,"<9")+COUNTIF(응답입력!$BS$7:$BS$56,"<9")+COUNTIF(응답입력!$BT$7:$BT$56,"<9") -> 0 | J17: =IF(AND(ISNUMBER(E17),ISNUMBER(G17)),E17-G17,"") | K17: =IF(J17="","",IF(J17>=1,"방치 의심(반영≫갱신)",IF(J17<=-0.5,"점검 필요(갱신>반영)","균형")))
A18: L14 | B18: INC → REC | C18: ③ 대응·복구·훈련 | D18: E1 | E18: =IFERROR(AVERAGEIF(응답입력!$BU$7:$BU$56,"<9"),"") | F18: =IFERROR(AVERAGEIF(응답입력!$BV$7:$BV$56,"<9"),"") | G18: =IFERROR(AVERAGEIF(응답입력!$BW$7:$BW$56,"<9"),"") | H18: =IFERROR(AVERAGE(E18:G18),"") | I18: =COUNTIF(응답입력!$BU$7:$BU$56,"<9")+COUNTIF(응답입력!$BV$7:$BV$56,"<9")+COUNTIF(응답입력!$BW$7:$BW$56,"<9") -> 0 | J18: =IF(AND(ISNUMBER(E18),ISNUMBER(G18)),E18-G18,"") | K18: =IF(J18="","",IF(J18>=1,"방치 의심(반영≫갱신)",IF(J18<=-0.5,"점검 필요(갱신>반영)","균형")))
A19: L15 | B19: PLAN → EXE | C19: ③ 대응·복구·훈련 | D19: E1 | E19: =IFERROR(AVERAGEIF(응답입력!$BX$7:$BX$56,"<9"),"") | F19: =IFERROR(AVERAGEIF(응답입력!$BY$7:$BY$56,"<9"),"") | G19: =IFERROR(AVERAGEIF(응답입력!$BZ$7:$BZ$56,"<9"),"") | H19: =IFERROR(AVERAGE(E19:G19),"") | I19: =COUNTIF(응답입력!$BX$7:$BX$56,"<9")+COUNTIF(응답입력!$BY$7:$BY$56,"<9")+COUNTIF(응답입력!$BZ$7:$BZ$56,"<9") -> 0 | J19: =IF(AND(ISNUMBER(E19),ISNUMBER(G19)),E19-G19,"") | K19: =IF(J19="","",IF(J19>=1,"방치 의심(반영≫갱신)",IF(J19<=-0.5,"점검 필요(갱신>반영)","균형")))
A20: L16 | B20: EXE → PLAN | C20: ④ 평가·개선·변경 | D20: E1 | E20: =IFERROR(AVERAGEIF(응답입력!$CA$7:$CA$56,"<9"),"") | F20: =IFERROR(AVERAGEIF(응답입력!$CB$7:$CB$56,"<9"),"") | G20: =IFERROR(AVERAGEIF(응답입력!$CC$7:$CC$56,"<9"),"") | H20: =IFERROR(AVERAGE(E20:G20),"") | I20: =COUNTIF(응답입력!$CA$7:$CA$56,"<9")+COUNTIF(응답입력!$CB$7:$CB$56,"<9")+COUNTIF(응답입력!$CC$7:$CC$56,"<9") -> 0 | J20: =IF(AND(ISNUMBER(E20),ISNUMBER(G20)),E20-G20,"") | K20: =IF(J20="","",IF(J20>=1,"방치 의심(반영≫갱신)",IF(J20<=-0.5,"점검 필요(갱신>반영)","균형")))
A21: L17 | B21: PLAN → AWR | C21: ④ 평가·개선·변경 | D21: E3 | E21: =IFERROR(AVERAGEIF(응답입력!$CD$7:$CD$56,"<9"),"") | F21: =IFERROR(AVERAGEIF(응답입력!$CE$7:$CE$56,"<9"),"") | G21: =IFERROR(AVERAGEIF(응답입력!$CF$7:$CF$56,"<9"),"") | H21: =IFERROR(AVERAGE(E21:G21),"") | I21: =COUNTIF(응답입력!$CD$7:$CD$56,"<9")+COUNTIF(응답입력!$CE$7:$CE$56,"<9")+COUNTIF(응답입력!$CF$7:$CF$56,"<9") -> 0 | J21: =IF(AND(ISNUMBER(E21),ISNUMBER(G21)),E21-G21,"") | K21: =IF(J21="","",IF(J21>=1,"방치 의심(반영≫갱신)",IF(J21<=-0.5,"점검 필요(갱신>반영)","균형")))
A22: L18 | B22: PERF → CI | C22: ④ 평가·개선·변경 | D22: E1 | E22: =IFERROR(AVERAGEIF(응답입력!$CG$7:$CG$56,"<9"),"") | F22: =IFERROR(AVERAGEIF(응답입력!$CH$7:$CH$56,"<9"),"") | G22: =IFERROR(AVERAGEIF(응답입력!$CI$7:$CI$56,"<9"),"") | H22: =IFERROR(AVERAGE(E22:G22),"") | I22: =COUNTIF(응답입력!$CG$7:$CG$56,"<9")+COUNTIF(응답입력!$CH$7:$CH$56,"<9")+COUNTIF(응답입력!$CI$7:$CI$56,"<9") -> 0 | J22: =IF(AND(ISNUMBER(E22),ISNUMBER(G22)),E22-G22,"") | K22: =IF(J22="","",IF(J22>=1,"방치 의심(반영≫갱신)",IF(J22<=-0.5,"점검 필요(갱신>반영)","균형")))
A23: L19 | B23: AUD → CI | C23: ④ 평가·개선·변경 | D23: E1 | E23: =IFERROR(AVERAGEIF(응답입력!$CJ$7:$CJ$56,"<9"),"") | F23: =IFERROR(AVERAGEIF(응답입력!$CK$7:$CK$56,"<9"),"") | G23: =IFERROR(AVERAGEIF(응답입력!$CL$7:$CL$56,"<9"),"") | H23: =IFERROR(AVERAGE(E23:G23),"") | I23: =COUNTIF(응답입력!$CJ$7:$CJ$56,"<9")+COUNTIF(응답입력!$CK$7:$CK$56,"<9")+COUNTIF(응답입력!$CL$7:$CL$56,"<9") -> 0 | J23: =IF(AND(ISNUMBER(E23),ISNUMBER(G23)),E23-G23,"") | K23: =IF(J23="","",IF(J23>=1,"방치 의심(반영≫갱신)",IF(J23<=-0.5,"점검 필요(갱신>반영)","균형")))
A24: L20 | B24: SUP → CI | C24: ④ 평가·개선·변경 | D24: E1 | E24: =IFERROR(AVERAGEIF(응답입력!$CM$7:$CM$56,"<9"),"") | F24: =IFERROR(AVERAGEIF(응답입력!$CN$7:$CN$56,"<9"),"") | G24: =IFERROR(AVERAGEIF(응답입력!$CO$7:$CO$56,"<9"),"") | H24: =IFERROR(AVERAGE(E24:G24),"") | I24: =COUNTIF(응답입력!$CM$7:$CM$56,"<9")+COUNTIF(응답입력!$CN$7:$CN$56,"<9")+COUNTIF(응답입력!$CO$7:$CO$56,"<9") -> 0 | J24: =IF(AND(ISNUMBER(E24),ISNUMBER(G24)),E24-G24,"") | K24: =IF(J24="","",IF(J24>=1,"방치 의심(반영≫갱신)",IF(J24<=-0.5,"점검 필요(갱신>반영)","균형")))
A25: L21 | B25: CHG → RA | C25: ④ 평가·개선·변경 | D25: E1 | E25: =IFERROR(AVERAGEIF(응답입력!$CP$7:$CP$56,"<9"),"") | F25: =IFERROR(AVERAGEIF(응답입력!$CQ$7:$CQ$56,"<9"),"") | G25: =IFERROR(AVERAGEIF(응답입력!$CR$7:$CR$56,"<9"),"") | H25: =IFERROR(AVERAGE(E25:G25),"") | I25: =COUNTIF(응답입력!$CP$7:$CP$56,"<9")+COUNTIF(응답입력!$CQ$7:$CQ$56,"<9")+COUNTIF(응답입력!$CR$7:$CR$56,"<9") -> 0 | J25: =IF(AND(ISNUMBER(E25),ISNUMBER(G25)),E25-G25,"") | K25: =IF(J25="","",IF(J25>=1,"방치 의심(반영≫갱신)",IF(J25<=-0.5,"점검 필요(갱신>반영)","균형")))
A26: L22 | B26: CHG → DOC | C26: ⑤ 거버넌스·이해관계자 | D26: E1 | E26: =IFERROR(AVERAGEIF(응답입력!$CS$7:$CS$56,"<9"),"") | F26: =IFERROR(AVERAGEIF(응답입력!$CT$7:$CT$56,"<9"),"") | G26: =IFERROR(AVERAGEIF(응답입력!$CU$7:$CU$56,"<9"),"") | H26: =IFERROR(AVERAGE(E26:G26),"") | I26: =COUNTIF(응답입력!$CS$7:$CS$56,"<9")+COUNTIF(응답입력!$CT$7:$CT$56,"<9")+COUNTIF(응답입력!$CU$7:$CU$56,"<9") -> 0 | J26: =IF(AND(ISNUMBER(E26),ISNUMBER(G26)),E26-G26,"") | K26: =IF(J26="","",IF(J26>=1,"방치 의심(반영≫갱신)",IF(J26<=-0.5,"점검 필요(갱신>반영)","균형")))
A27: L23 | B27: INC → CHG | C27: ⑤ 거버넌스·이해관계자 | D27: E1 | E27: =IFERROR(AVERAGEIF(응답입력!$CV$7:$CV$56,"<9"),"") | F27: =IFERROR(AVERAGEIF(응답입력!$CW$7:$CW$56,"<9"),"") | G27: =IFERROR(AVERAGEIF(응답입력!$CX$7:$CX$56,"<9"),"") | H27: =IFERROR(AVERAGE(E27:G27),"") | I27: =COUNTIF(응답입력!$CV$7:$CV$56,"<9")+COUNTIF(응답입력!$CW$7:$CW$56,"<9")+COUNTIF(응답입력!$CX$7:$CX$56,"<9") -> 0 | J27: =IF(AND(ISNUMBER(E27),ISNUMBER(G27)),E27-G27,"") | K27: =IF(J27="","",IF(J27>=1,"방치 의심(반영≫갱신)",IF(J27<=-0.5,"점검 필요(갱신>반영)","균형")))
A28: L24 | B28: EXE → CHG | C28: ⑤ 거버넌스·이해관계자 | D28: E1 | E28: =IFERROR(AVERAGEIF(응답입력!$CY$7:$CY$56,"<9"),"") | F28: =IFERROR(AVERAGEIF(응답입력!$CZ$7:$CZ$56,"<9"),"") | G28: =IFERROR(AVERAGEIF(응답입력!$DA$7:$DA$56,"<9"),"") | H28: =IFERROR(AVERAGE(E28:G28),"") | I28: =COUNTIF(응답입력!$CY$7:$CY$56,"<9")+COUNTIF(응답입력!$CZ$7:$CZ$56,"<9")+COUNTIF(응답입력!$DA$7:$DA$56,"<9") -> 0 | J28: =IF(AND(ISNUMBER(E28),ISNUMBER(G28)),E28-G28,"") | K28: =IF(J28="","",IF(J28>=1,"방치 의심(반영≫갱신)",IF(J28<=-0.5,"점검 필요(갱신>반영)","균형")))
A29: L25 | B29: CHG → INC | C29: ⑤ 거버넌스·이해관계자 | D29: E1 | E29: =IFERROR(AVERAGEIF(응답입력!$DB$7:$DB$56,"<9"),"") | F29: =IFERROR(AVERAGEIF(응답입력!$DC$7:$DC$56,"<9"),"") | G29: =IFERROR(AVERAGEIF(응답입력!$DD$7:$DD$56,"<9"),"") | H29: =IFERROR(AVERAGE(E29:G29),"") | I29: =COUNTIF(응답입력!$DB$7:$DB$56,"<9")+COUNTIF(응답입력!$DC$7:$DC$56,"<9")+COUNTIF(응답입력!$DD$7:$DD$56,"<9") -> 0 | J29: =IF(AND(ISNUMBER(E29),ISNUMBER(G29)),E29-G29,"") | K29: =IF(J29="","",IF(J29>=1,"방치 의심(반영≫갱신)",IF(J29<=-0.5,"점검 필요(갱신>반영)","균형")))
A30: L26 | B30: CHG → EXE | C30: ⑤ 거버넌스·이해관계자 | D30: E1 | E30: =IFERROR(AVERAGEIF(응답입력!$DE$7:$DE$56,"<9"),"") | F30: =IFERROR(AVERAGEIF(응답입력!$DF$7:$DF$56,"<9"),"") | G30: =IFERROR(AVERAGEIF(응답입력!$DG$7:$DG$56,"<9"),"") | H30: =IFERROR(AVERAGE(E30:G30),"") | I30: =COUNTIF(응답입력!$DE$7:$DE$56,"<9")+COUNTIF(응답입력!$DF$7:$DF$56,"<9")+COUNTIF(응답입력!$DG$7:$DG$56,"<9") -> 0 | J30: =IF(AND(ISNUMBER(E30),ISNUMBER(G30)),E30-G30,"") | K30: =IF(J30="","",IF(J30>=1,"방치 의심(반영≫갱신)",IF(J30<=-0.5,"점검 필요(갱신>반영)","균형")))
A31: L27 | B31: CORE → COM | C31: ⑤ 거버넌스·이해관계자 | D31: E1 | E31: =IFERROR(AVERAGEIF(응답입력!$DH$7:$DH$56,"<9"),"") | F31: =IFERROR(AVERAGEIF(응답입력!$DI$7:$DI$56,"<9"),"") | G31: =IFERROR(AVERAGEIF(응답입력!$DJ$7:$DJ$56,"<9"),"") | H31: =IFERROR(AVERAGE(E31:G31),"") | I31: =COUNTIF(응답입력!$DH$7:$DH$56,"<9")+COUNTIF(응답입력!$DI$7:$DI$56,"<9")+COUNTIF(응답입력!$DJ$7:$DJ$56,"<9") -> 0 | J31: =IF(AND(ISNUMBER(E31),ISNUMBER(G31)),E31-G31,"") | K31: =IF(J31="","",IF(J31>=1,"방치 의심(반영≫갱신)",IF(J31<=-0.5,"점검 필요(갱신>반영)","균형")))
A32: L28 | B32: COM → GOV | C32: ⑤ 거버넌스·이해관계자 | D32: E1 | E32: =IFERROR(AVERAGEIF(응답입력!$DK$7:$DK$56,"<9"),"") | F32: =IFERROR(AVERAGEIF(응답입력!$DL$7:$DL$56,"<9"),"") | G32: =IFERROR(AVERAGEIF(응답입력!$DM$7:$DM$56,"<9"),"") | H32: =IFERROR(AVERAGE(E32:G32),"") | I32: =COUNTIF(응답입력!$DK$7:$DK$56,"<9")+COUNTIF(응답입력!$DL$7:$DL$56,"<9")+COUNTIF(응답입력!$DM$7:$DM$56,"<9") -> 0 | J32: =IF(AND(ISNUMBER(E32),ISNUMBER(G32)),E32-G32,"") | K32: =IF(J32="","",IF(J32>=1,"방치 의심(반영≫갱신)",IF(J32<=-0.5,"점검 필요(갱신>반영)","균형")))
A33: L29 | B33: GOV → POL | C33: ⑤ 거버넌스·이해관계자 | D33: E3 | E33: =IFERROR(AVERAGEIF(응답입력!$DN$7:$DN$56,"<9"),"") | F33: =IFERROR(AVERAGEIF(응답입력!$DO$7:$DO$56,"<9"),"") | G33: =IFERROR(AVERAGEIF(응답입력!$DP$7:$DP$56,"<9"),"") | H33: =IFERROR(AVERAGE(E33:G33),"") | I33: =COUNTIF(응답입력!$DN$7:$DN$56,"<9")+COUNTIF(응답입력!$DO$7:$DO$56,"<9")+COUNTIF(응답입력!$DP$7:$DP$56,"<9") -> 0 | J33: =IF(AND(ISNUMBER(E33),ISNUMBER(G33)),E33-G33,"") | K33: =IF(J33="","",IF(J33>=1,"방치 의심(반영≫갱신)",IF(J33<=-0.5,"점검 필요(갱신>반영)","균형")))
A34: L30 | B34: RES → CORE | C34: ⑤ 거버넌스·이해관계자 | D34: E1 | E34: =IFERROR(AVERAGEIF(응답입력!$DQ$7:$DQ$56,"<9"),"") | F34: =IFERROR(AVERAGEIF(응답입력!$DR$7:$DR$56,"<9"),"") | G34: =IFERROR(AVERAGEIF(응답입력!$DS$7:$DS$56,"<9"),"") | H34: =IFERROR(AVERAGE(E34:G34),"") | I34: =COUNTIF(응답입력!$DQ$7:$DQ$56,"<9")+COUNTIF(응답입력!$DR$7:$DR$56,"<9")+COUNTIF(응답입력!$DS$7:$DS$56,"<9") -> 0 | J34: =IF(AND(ISNUMBER(E34),ISNUMBER(G34)),E34-G34,"") | K34: =IF(J34="","",IF(J34>=1,"방치 의심(반영≫갱신)",IF(J34<=-0.5,"점검 필요(갱신>반영)","균형")))
A35: L31 | B35: RES → CRM | C35: ⑤ 거버넌스·이해관계자 | D35: E1 | E35: =IFERROR(AVERAGEIF(응답입력!$DT$7:$DT$56,"<9"),"") | F35: =IFERROR(AVERAGEIF(응답입력!$DU$7:$DU$56,"<9"),"") | G35: =IFERROR(AVERAGEIF(응답입력!$DV$7:$DV$56,"<9"),"") | H35: =IFERROR(AVERAGE(E35:G35),"") | I35: =COUNTIF(응답입력!$DT$7:$DT$56,"<9")+COUNTIF(응답입력!$DU$7:$DU$56,"<9")+COUNTIF(응답입력!$DV$7:$DV$56,"<9") -> 0 | J35: =IF(AND(ISNUMBER(E35),ISNUMBER(G35)),E35-G35,"") | K35: =IF(J35="","",IF(J35>=1,"방치 의심(반영≫갱신)",IF(J35<=-0.5,"점검 필요(갱신>반영)","균형")))
A37: 영역별 평균
B38: ① 요구·분석 | C38: =IFERROR(AVERAGEIF($C$5:$C$35,B38,$H$5:$H$35),"")
B39: ② 전략·계획·이행 | C39: =IFERROR(AVERAGEIF($C$5:$C$35,B39,$H$5:$H$35),"")
B40: ③ 대응·복구·훈련 | C40: =IFERROR(AVERAGEIF($C$5:$C$35,B40,$H$5:$H$35),"")
B41: ④ 평가·개선·변경 | C41: =IFERROR(AVERAGEIF($C$5:$C$35,B41,$H$5:$H$35),"")
B42: ⑤ 거버넌스·이해관계자 | C42: =IFERROR(AVERAGEIF($C$5:$C$35,B42,$H$5:$H$35),"")
A44: 증거유형별 평균
B45: E1 | C45: =IFERROR(AVERAGEIF($D$5:$D$35,B45,$H$5:$H$35),"")
B46: E2 | C46: =IFERROR(AVERAGEIF($D$5:$D$35,B46,$H$5:$H$35),"")
B47: E3 | C47: =IFERROR(AVERAGEIF($D$5:$D$35,B47,$H$5:$H$35),"")
A49: 상태별 평균
B50: 반영(R) | C50: =IFERROR(AVERAGE(E5:E35),"")
B51: 확인(V) | C51: =IFERROR(AVERAGE(F5:F35),"")
B52: 갱신(U) | C52: =IFERROR(AVERAGE(G5:G35),"")
B54: 종합 연계성 지수(31연결 평균) | C54: =IFERROR(AVERAGE(H5:H35),"")

Sheet 검증
A1: 검증 — 기준값 · 구조 점검 · 자료 기반 점검 · 검증 계획
A2: 기준값(파란 글씨)은 관례이며 연구자가 조정. Arias 합의 기준은 A43·A44 인용에 근거
A3: 기준 | B3: 값 | C3: 설명
A4: 내용타당도 I-CVI 기준 | B4: 0.78 | C4: 전문가 6~10인 패널의 관례(정의서 D16: 연구자 선택, 논문 근거 없음)
A5: Arias 합의 채택 기준 | B5: 0.8 | C5: 정의서 D15 / 인용 A43·A44
A6: Arias 합의 기각 기준 | B6: 0.2 | C6: 정의서 D15 / 인용 A44
A7: Cronbach α / ω 기준 | B7: 0.7 | C7: 연결별 3문항 신뢰도(통계 프로그램에서 산출)
A8: 문항-총점 상관 기준 | B8: 0.3 | C8: 통계 프로그램
A9: 상태 간 상관 상한 | B9: 0.85 | C9: R·V·U가 하나로 붕괴하지 않는지(통계 프로그램)
A11: 구조 점검 | B11: 현재 값 | C11: 기대 값 | D11: 결과
A12: 총 문항 수 | B12: =COUNTA(문항!A5:A112) -> 108 | C12: 108 | D12: =IF(B12=C12,"OK","확인") -> OK
A13: 연결 문항 수(Part C) | B13: =COUNTIF(문항!B5:B112,"C 연결") -> 93 | C13: 93 | D13: =IF(B13=C13,"OK","확인") -> OK
A14: 반영(R) 문항 수 | B14: =COUNTIF(문항!F5:F112,"반영") -> 31 | C14: 31 | D14: =IF(B14=C14,"OK","확인") -> OK
A15: 확인(V) 문항 수 | B15: =COUNTIF(문항!F5:F112,"확인") -> 31 | C15: 31 | D15: =IF(B15=C15,"OK","확인") -> OK
A16: 갱신(U) 문항 수 | B16: =COUNTIF(문항!F5:F112,"갱신") -> 31 | C16: 31 | D16: =IF(B16=C16,"OK","확인") -> OK
A17: 연결당 문항 3개 충족 연결 수 | B17: =COUNTIF(연결!R5:R35,"OK") -> 31 | C17: 31 | D17: =IF(B17=C17,"OK","확인") -> OK
A18: 증거유형 E1 연결 수 | B18: =COUNTIF(연결!G5:G35,"E1") -> 26 | C18: 26 | D18: =IF(B18=C18,"OK","확인") -> OK
A19: 증거유형 E2 연결 수 | B19: =COUNTIF(연결!G5:G35,"E2") -> 2 | C19: 2 | D19: =IF(B19=C19,"OK","확인") -> OK
A20: 증거유형 E3 연결 수 | B20: =COUNTIF(연결!G5:G35,"E3") -> 3 | C20: 3 | D20: =IF(B20=C20,"OK","확인") -> OK
A21: 집단 노드 연결 수 | B21: =COUNTIF(연결!H5:H35,"집단") -> 2 | C21: 2 | D21: =IF(B21=C21,"OK","확인") -> OK
A22: 객체(프로세스) 수 | B22: =COUNTA(객체!A5:A26) -> 22 | C22: 22 | D22: =IF(B22=C22,"OK","확인") -> OK
A23: 인용문 수 | B23: =COUNTA(인용근거!A5:A68) -> 64 | C23: 64 | D23: =IF(B23=C23,"OK","확인") -> OK
A24: 원문 대조 일치 인용 수 | B24: =COUNTIF(인용근거!H5:H68,"일치*") -> 64 | C24: 64 | D24: =IF(B24=C24,"OK","확인") -> OK
A26: 전문가 판정(문항 시트)
A27: 채택 문항 수 | B27: =COUNTIF(문항!S5:S112,"채택") -> 0
A28: 수정·토론 문항 수 | B28: =COUNTIF(문항!S5:S112,"수정·토론") -> 0
A29: 평가 미입력 문항 수 | B29: =108-B27-B28 -> 108
A31: 자료 기반 점검(응답 입력 후) | B31: 값 | C31: 기대 | D31: 결과
A32: 역문항 일관성: G01 vs RV1 | B32: =IFERROR(CORREL(응답입력!$DW$7:$DW$56,응답입력!$EC$7:$EC$56),"자료 부족") -> 자료 부족 | C32: 음(−)의 상관 | D32: =IF(ISNUMBER(B32),IF(B32<0,"OK","확인"),"")
A33: 역문항 일관성: L01-R vs RV2 | B33: =IFERROR(CORREL(응답입력!$AH$7:$AH$56,응답입력!$ED$7:$ED$56),"자료 부족") -> 자료 부족 | C33: 음(−)의 상관 | D33: =IF(ISNUMBER(B33),IF(B33<0,"OK","확인"),"")
A34: 역문항 일관성: L22-R vs RV3 | B34: =IFERROR(CORREL(응답입력!$CS$7:$CS$56,응답입력!$EE$7:$EE$56),"자료 부족") -> 자료 부족 | C34: 음(−)의 상관 | D34: =IF(ISNUMBER(B34),IF(B34<0,"OK","확인"),"")
A35: 역문항 일관성: L16-U vs RV4 | B35: =IFERROR(CORREL(응답입력!$CC$7:$CC$56,응답입력!$EF$7:$EF$56),"자료 부족") -> 자료 부족 | C35: 음(−)의 상관 | D35: =IF(ISNUMBER(B35),IF(B35<0,"OK","확인"),"")
A36: 준거타당도: 종합 연결 지수 vs CR1 | B36: =IFERROR(CORREL(연결점수!$AG$6:$AG$55,응답입력!$EH$7:$EH$56),"자료 부족") -> 자료 부족 | C36: 양(+)의 상관 | D36: =IF(ISNUMBER(B36),IF(B36>0,"OK","확인"),"")
A37: 단계 가설: 반영 ≥ 확인 ≥ 갱신(연구자 가설) | B37: =IF(COUNT(점수요약!C50:C52)=3,IF(AND(점수요약!C50>=점수요약!C51,점수요약!C51>=점수요약!C52),"지지","불일치"),"자료 부족") -> 자료 부족 | C37: 지지 | D37: =IF(B37="자료 부족","",IF(B37=C37,"OK","확인"))
A39: 참고: CORREL은 9(해당 없음)도 포함한다. 실제 분석은 9를 결측 처리한 자료로 통계 프로그램에서 다시 산출한다. 역문항(RV1~4, CR4)은 분석 시 6−값으로 뒤집어 사용한다.
A41: 검증 단계 | B41: 방법 | C41: 기준 / 산출 위치
A42: 1 인용 검증 | B42: PDF 원문과 자동 대조(scripts/verify_quotes.py) | C42: 인용 64/64 일치, 객체 22/22 일치(본 파일 인용근거 시트)
A43: 2 구조 점검 | B43: 추적성(문항=연결 1×상태 1), 두 객체 규칙, 이중 질문 금지 | C43: 위 구조 점검 + 수기 점검
A44: 3 전문가 내용타당도 | B44: 6~10인 적합도 평가, 연결 타당도(E2·E3 우선), 맹검 재분류 | C44: I-CVI ≥ 0.78 / 일치율 ≥ 80% 채택 · 20~80% 토론 · < 20% 삭제(Arias A44 준용)
A45: 4 인지면담 | B45: 5~8인 설명시키기(출발·도착 프로세스, 반영/확인/갱신 구분) | C45: 수기
A46: 5 신뢰도·구조 | B46: 연결별 α/ω, 문항-총점 상관, R·V·U 구분 CFA | C46: 통계 프로그램(150명 이상 권장)
A47: 6 단계 가설·일관성 | B47: 반영 ≥ 확인 ≥ 갱신, 역문항 음의 상관, AC1 오답 제외 | C47: 본 시트
A48: 7 준거·집단 | B48: 연계 지수 vs CR1~4, 증거유형별(E1/E2/E3) 점수 비교, ISO 22301 인증(A04) 집단 비교 | C48: 점수요약 / 통계 프로그램
A49: 8 활용 검증 | B49: 점수로 연결별 CQ 진단에 답이 나오는지(Białas B08 방식) | C49: 점수요약
